[{"model": "admin.logentry", "pk": 1, "fields": {"action_time": "2021-01-21T11:34:40.834Z", "user": 1, "content_type": 7, "object_id": "1", "object_repr": "veritas_vinos.com", "action_flag": 2, "change_message": "[{\"changed\": {\"fields\": [\"Domain name\", \"Display name\"]}}]"}}, {"model": "admin.logentry", "pk": 2, "fields": {"action_time": "2021-01-21T12:30:55.287Z", "user": 1, "content_type": 8, "object_id": "1", "object_repr": "adrianlaub@aol.com", "action_flag": 1, "change_message": "[{\"added\": {}}]"}}, {"model": "admin.logentry", "pk": 3, "fields": {"action_time": "2021-01-22T13:53:05.837Z", "user": 1, "content_type": 13, "object_id": "1", "object_repr": "red_wines", "action_flag": 1, "change_message": "[{\"added\": {}}]"}}, {"model": "admin.logentry", "pk": 4, "fields": {"action_time": "2021-01-22T13:53:20.441Z", "user": 1, "content_type": 13, "object_id": "2", "object_repr": "white_wines", "action_flag": 1, "change_message": "[{\"added\": {}}]"}}, {"model": "admin.logentry", "pk": 5, "fields": {"action_time": "2021-01-22T13:53:40.610Z", "user": 1, "content_type": 13, "object_id": "3", "object_repr": "rose_wines", "action_flag": 1, "change_message": "[{\"added\": {}}]"}}, {"model": "admin.logentry", "pk": 6, "fields": {"action_time": "2021-01-22T13:54:01.108Z", "user": 1, "content_type": 13, "object_id": "4", "object_repr": "dessert_wines", "action_flag": 1, "change_message": "[{\"added\": {}}]"}}, {"model": "admin.logentry", "pk": 7, "fields": {"action_time": "2021-01-22T13:54:35.788Z", "user": 1, "content_type": 13, "object_id": "5", "object_repr": "port_wines", "action_flag": 1, "change_message": "[{\"added\": {}}]"}}, {"model": "admin.logentry", "pk": 8, "fields": {"action_time": "2021-01-22T13:54:52.906Z", "user": 1, "content_type": 13, "object_id": "6", "object_repr": "sherry", "action_flag": 1, "change_message": "[{\"added\": {}}]"}}, {"model": "admin.logentry", "pk": 9, "fields": {"action_time": "2021-01-22T14:01:31.074Z", "user": 1, "content_type": 14, "object_id": "1", "object_repr": "Château de Saint Cosme Little James` Basket Press rouge", "action_flag": 1, "change_message": "[{\"added\": {}}]"}}, {"model": "admin.logentry", "pk": 10, "fields": {"action_time": "2021-01-22T14:06:29.616Z", "user": 1, "content_type": 14, "object_id": "2", "object_repr": "Simonsvlei Zenzela Charming Red", "action_flag": 1, "change_message": "[{\"added\": {}}]"}}, {"model": "admin.logentry", "pk": 11, "fields": {"action_time": "2021-01-22T14:09:23.251Z", "user": 1, "content_type": 14, "object_id": "3", "object_repr": "Messias Vinho Verde", "action_flag": 1, "change_message": "[{\"added\": {}}]"}}, {"model": "admin.logentry", "pk": 12, "fields": {"action_time": "2021-01-22T14:24:51.260Z", "user": 1, "content_type": 14, "object_id": "4", "object_repr": "Marisco The Ned Pinot Rosé 2017 Magnum (1,5L)", "action_flag": 1, "change_message": "[{\"added\": {}}]"}}, {"model": "admin.logentry", "pk": 13, "fields": {"action_time": "2021-01-22T17:05:07.296Z", "user": 1, "content_type": 14, "object_id": "5", "object_repr": "Miguel Torres Floralis Moscatel Oro NV (0,5L)", "action_flag": 1, "change_message": "[{\"added\": {}}]"}}, {"model": "admin.logentry", "pk": 14, "fields": {"action_time": "2021-01-22T17:08:25.007Z", "user": 1, "content_type": 14, "object_id": "6", "object_repr": "Château Rieussec Carmes de Rieussec 2011", "action_flag": 1, "change_message": "[{\"added\": {}}]"}}, {"model": "admin.logentry", "pk": 15, "fields": {"action_time": "2021-01-23T13:49:00.917Z", "user": 1, "content_type": 14, "object_id": "7", "object_repr": "Vinicola Salton Intenso Tannat 2013", "action_flag": 1, "change_message": "[{\"added\": {}}]"}}, {"model": "admin.logentry", "pk": 16, "fields": {"action_time": "2021-01-23T14:01:52.238Z", "user": 1, "content_type": 14, "object_id": "8", "object_repr": "Domaines Barons de Rothschild Château Lafite-Roths", "action_flag": 1, "change_message": "[{\"added\": {}}]"}}, {"model": "admin.logentry", "pk": 17, "fields": {"action_time": "2021-01-23T14:04:29.170Z", "user": 1, "content_type": 14, "object_id": "8", "object_repr": "Domaines Barons de Rothschild Château Lafite-Roths", "action_flag": 2, "change_message": "[{\"changed\": {\"fields\": [\"Sku\"]}}]"}}, {"model": "admin.logentry", "pk": 18, "fields": {"action_time": "2021-01-23T14:07:33.402Z", "user": 1, "content_type": 14, "object_id": "4", "object_repr": "Marisco The Ned Pinot Rosé 2017 Magnum (1,5L)", "action_flag": 2, "change_message": "[{\"changed\": {\"fields\": [\"Sku\"]}}]"}}, {"model": "admin.logentry", "pk": 19, "fields": {"action_time": "2021-01-23T14:19:41.057Z", "user": 1, "content_type": 14, "object_id": "9", "object_repr": "Vega Sicilia Reserva Especial 06/07/09", "action_flag": 1, "change_message": "[{\"added\": {}}]"}}, {"model": "admin.logentry", "pk": 20, "fields": {"action_time": "2021-01-23T14:33:32.633Z", "user": 1, "content_type": 14, "object_id": "10", "object_repr": "Château Prieuré-Lichine Margaux 2011", "action_flag": 1, "change_message": "[{\"added\": {}}]"}}, {"model": "admin.logentry", "pk": 21, "fields": {"action_time": "2021-01-23T14:42:36.733Z", "user": 1, "content_type": 14, "object_id": "5", "object_repr": "Miguel Torres Floralis Moscatel Oro NV (0,5L)", "action_flag": 2, "change_message": "[{\"changed\": {\"fields\": [\"Image\"]}}]"}}, {"model": "admin.logentry", "pk": 22, "fields": {"action_time": "2021-01-23T14:43:13.395Z", "user": 1, "content_type": 14, "object_id": "7", "object_repr": "Vinicola Salton Intenso Tannat 2013", "action_flag": 2, "change_message": "[{\"changed\": {\"fields\": [\"Image\"]}}]"}}, {"model": "admin.logentry", "pk": 23, "fields": {"action_time": "2021-01-23T14:43:59.912Z", "user": 1, "content_type": 14, "object_id": "6", "object_repr": "Château Rieussec Carmes de Rieussec 2011", "action_flag": 2, "change_message": "[{\"changed\": {\"fields\": [\"Image\"]}}]"}}, {"model": "admin.logentry", "pk": 24, "fields": {"action_time": "2021-01-23T14:45:05.951Z", "user": 1, "content_type": 14, "object_id": "4", "object_repr": "Marisco The Ned Pinot Rosé 2017 Magnum (1,5L)", "action_flag": 2, "change_message": "[{\"changed\": {\"fields\": [\"Image\"]}}]"}}, {"model": "admin.logentry", "pk": 25, "fields": {"action_time": "2021-01-23T14:46:00.153Z", "user": 1, "content_type": 14, "object_id": "6", "object_repr": "Château Rieussec Carmes de Rieussec 2011", "action_flag": 2, "change_message": "[{\"changed\": {\"fields\": [\"Image\"]}}]"}}, {"model": "admin.logentry", "pk": 26, "fields": {"action_time": "2021-01-23T14:47:30.438Z", "user": 1, "content_type": 14, "object_id": "4", "object_repr": "Marisco The Ned Pinot Rosé 2017 Magnum (1,5L)", "action_flag": 2, "change_message": "[{\"changed\": {\"fields\": [\"Image\"]}}]"}}, {"model": "admin.logentry", "pk": 27, "fields": {"action_time": "2021-01-23T14:51:52.159Z", "user": 1, "content_type": 14, "object_id": "11", "object_repr": "d`Arenberg The Twentyeight Road Mourvèdre 2014", "action_flag": 1, "change_message": "[{\"added\": {}}]"}}, {"model": "admin.logentry", "pk": 28, "fields": {"action_time": "2021-01-23T14:57:00.563Z", "user": 1, "content_type": 14, "object_id": "12", "object_repr": "Xanadu Exmoor Shiraz 2013", "action_flag": 1, "change_message": "[{\"added\": {}}]"}}, {"model": "admin.logentry", "pk": 29, "fields": {"action_time": "2021-01-23T15:11:27.412Z", "user": 1, "content_type": 14, "object_id": "13", "object_repr": "Firriato Harmonium Sicilia DOC 2013", "action_flag": 1, "change_message": "[{\"added\": {}}]"}}, {"model": "admin.logentry", "pk": 30, "fields": {"action_time": "2021-01-23T15:14:07.619Z", "user": 1, "content_type": 14, "object_id": "14", "object_repr": "Firriato Harmonium Sicilia DOC 2013", "action_flag": 1, "change_message": "[{\"added\": {}}]"}}, {"model": "admin.logentry", "pk": 31, "fields": {"action_time": "2021-01-23T15:15:28.676Z", "user": 1, "content_type": 14, "object_id": "13", "object_repr": "Firriato Harmonium Sicilia DOC 2013", "action_flag": 2, "change_message": "[{\"changed\": {\"fields\": [\"Image\"]}}]"}}, {"model": "admin.logentry", "pk": 32, "fields": {"action_time": "2021-01-23T15:16:07.118Z", "user": 1, "content_type": 14, "object_id": "13", "object_repr": "Firriato Harmonium Sicilia DOC 2013", "action_flag": 3, "change_message": ""}}, {"model": "admin.logentry", "pk": 33, "fields": {"action_time": "2021-01-23T15:24:54.949Z", "user": 1, "content_type": 14, "object_id": "15", "object_repr": "Casa Carmela Dulce 2019", "action_flag": 1, "change_message": "[{\"added\": {}}]"}}, {"model": "admin.logentry", "pk": 34, "fields": {"action_time": "2021-01-23T15:31:30.901Z", "user": 1, "content_type": 14, "object_id": "16", "object_repr": "DFJ Vinhos Portada Tinto 2019", "action_flag": 1, "change_message": "[{\"added\": {}}]"}}, {"model": "admin.logentry", "pk": 35, "fields": {"action_time": "2021-01-23T15:35:27.181Z", "user": 1, "content_type": 14, "object_id": "17", "object_repr": "Domaine Henri Ruppert Schengen Markusberg Pinot Gr", "action_flag": 1, "change_message": "[{\"added\": {}}]"}}, {"model": "admin.logentry", "pk": 36, "fields": {"action_time": "2021-01-23T15:35:59.271Z", "user": 1, "content_type": 14, "object_id": "17", "object_repr": "Domaine Henri Ruppert Schengen Markusberg Pinot Gr", "action_flag": 2, "change_message": "[{\"changed\": {\"fields\": [\"Image\"]}}]"}}, {"model": "admin.logentry", "pk": 37, "fields": {"action_time": "2021-01-23T15:38:24.968Z", "user": 1, "content_type": 14, "object_id": "15", "object_repr": "Casa Carmela Dulce 2019", "action_flag": 2, "change_message": "[{\"changed\": {\"fields\": [\"Image\"]}}]"}}, {"model": "admin.logentry", "pk": 38, "fields": {"action_time": "2021-01-23T15:41:02.211Z", "user": 1, "content_type": 14, "object_id": "11", "object_repr": "d`Arenberg The Twentyeight Road Mourvèdre 2014", "action_flag": 2, "change_message": "[{\"changed\": {\"fields\": [\"Description\"]}}]"}}, {"model": "admin.logentry", "pk": 39, "fields": {"action_time": "2021-01-23T15:41:05.594Z", "user": 1, "content_type": 14, "object_id": "11", "object_repr": "d`Arenberg The Twentyeight Road Mourvèdre 2014", "action_flag": 2, "change_message": "[]"}}, {"model": "admin.logentry", "pk": 40, "fields": {"action_time": "2021-01-23T15:41:36.008Z", "user": 1, "content_type": 14, "object_id": "11", "object_repr": "d`Arenberg The Twentyeight Road Mourvèdre 2014", "action_flag": 2, "change_message": "[]"}}, {"model": "admin.logentry", "pk": 41, "fields": {"action_time": "2021-01-23T15:43:20.920Z", "user": 1, "content_type": 14, "object_id": "18", "object_repr": "Príncipe de Viana Edition Blanca 2016", "action_flag": 1, "change_message": "[{\"added\": {}}]"}}, {"model": "admin.logentry", "pk": 42, "fields": {"action_time": "2021-01-23T15:46:02.285Z", "user": 1, "content_type": 14, "object_id": "19", "object_repr": "Jacaranda Old Vine Chenin Blanc 2015", "action_flag": 1, "change_message": "[{\"added\": {}}]"}}, {"model": "admin.logentry", "pk": 43, "fields": {"action_time": "2021-01-23T15:48:36.564Z", "user": 1, "content_type": 14, "object_id": "19", "object_repr": "Jacaranda Old Vine Chenin Blanc 2015", "action_flag": 2, "change_message": "[{\"changed\": {\"fields\": [\"Image\"]}}]"}}, {"model": "admin.logentry", "pk": 44, "fields": {"action_time": "2021-01-23T15:52:53.018Z", "user": 1, "content_type": 14, "object_id": "20", "object_repr": "Budureasca Origini Sauvignon Blanc 2016", "action_flag": 1, "change_message": "[{\"added\": {}}]"}}, {"model": "admin.logentry", "pk": 45, "fields": {"action_time": "2021-01-23T15:57:22.803Z", "user": 1, "content_type": 14, "object_id": "21", "object_repr": "Maximin Grünhaus Abtsberg Riesling Auslese 2018", "action_flag": 1, "change_message": "[{\"added\": {}}]"}}, {"model": "admin.logentry", "pk": 46, "fields": {"action_time": "2021-01-23T16:02:38.011Z", "user": 1, "content_type": 14, "object_id": "22", "object_repr": "Ress Family Wineries Forbidden Pleasure LiebFrauMi", "action_flag": 1, "change_message": "[{\"added\": {}}]"}}, {"model": "admin.logentry", "pk": 47, "fields": {"action_time": "2021-01-23T16:16:40.302Z", "user": 1, "content_type": 14, "object_id": "23", "object_repr": "El Grifo Colleccion Semidulce 2019", "action_flag": 1, "change_message": "[{\"added\": {}}]"}}, {"model": "admin.logentry", "pk": 48, "fields": {"action_time": "2021-01-23T16:22:03.915Z", "user": 1, "content_type": 14, "object_id": "24", "object_repr": "Olivier Leflaive Batard-Montrachet Grand Cru 2014", "action_flag": 1, "change_message": "[{\"added\": {}}]"}}, {"model": "admin.logentry", "pk": 49, "fields": {"action_time": "2021-01-23T16:43:49.315Z", "user": 1, "content_type": 14, "object_id": "25", "object_repr": "Joseph Drouhin Beaune Clos des Mouches Côte de Bea", "action_flag": 1, "change_message": "[{\"added\": {}}]"}}, {"model": "admin.logentry", "pk": 50, "fields": {"action_time": "2021-01-23T16:49:14.525Z", "user": 1, "content_type": 14, "object_id": "26", "object_repr": "Louis Jadot Chassagne Montrachet AOC 2018", "action_flag": 1, "change_message": "[{\"added\": {}}]"}}, {"model": "admin.logentry", "pk": 51, "fields": {"action_time": "2021-01-23T17:10:57.028Z", "user": 1, "content_type": 14, "object_id": "27", "object_repr": "Chavy Puligny-Montrachet Les Corvées des Vignes 20", "action_flag": 1, "change_message": "[{\"added\": {}}]"}}, {"model": "admin.logentry", "pk": 52, "fields": {"action_time": "2021-01-23T17:20:01.858Z", "user": 1, "content_type": 14, "object_id": "28", "object_repr": "Miraval Côtes De Provence Rosé 2019", "action_flag": 1, "change_message": "[{\"added\": {}}]"}}, {"model": "admin.logentry", "pk": 53, "fields": {"action_time": "2021-01-23T17:26:50.531Z", "user": 1, "content_type": 14, "object_id": "29", "object_repr": "Mathilde Chapoutier Sélection Grand Ferrage Côtes", "action_flag": 1, "change_message": "[{\"added\": {}}]"}}, {"model": "admin.logentry", "pk": 54, "fields": {"action_time": "2021-01-23T17:31:01.845Z", "user": 1, "content_type": 14, "object_id": "30", "object_repr": "AIX Coteaux d´Aix en Provence AOP 2020 Methusalem", "action_flag": 1, "change_message": "[{\"added\": {}}]"}}, {"model": "admin.logentry", "pk": 55, "fields": {"action_time": "2021-01-23T17:37:36.283Z", "user": 1, "content_type": 14, "object_id": "31", "object_repr": "Château de Fesles La Chapelle Cabernet d´Anjou Ros", "action_flag": 1, "change_message": "[{\"added\": {}}]"}}, {"model": "admin.logentry", "pk": 56, "fields": {"action_time": "2021-01-23T17:40:40.699Z", "user": 1, "content_type": 14, "object_id": "32", "object_repr": "Canyon Road White Zinfandel 2018", "action_flag": 1, "change_message": "[{\"added\": {}}]"}}, {"model": "admin.logentry", "pk": 57, "fields": {"action_time": "2021-01-24T11:40:08.630Z", "user": 1, "content_type": 14, "object_id": "33", "object_repr": "Franco Españolas Diamante Rose Semi-Dulce 2019", "action_flag": 1, "change_message": "[{\"added\": {}}]"}}, {"model": "admin.logentry", "pk": 58, "fields": {"action_time": "2021-01-24T12:20:54.612Z", "user": 1, "content_type": 14, "object_id": "33", "object_repr": "Franco Españolas Diamante Rose Semi-Dulce 2019", "action_flag": 2, "change_message": "[{\"changed\": {\"fields\": [\"Sku\"]}}]"}}, {"model": "admin.logentry", "pk": 59, "fields": {"action_time": "2021-01-24T12:40:21.044Z", "user": 1, "content_type": 14, "object_id": "34", "object_repr": "Grant Burge 10 Year Old Tawny", "action_flag": 1, "change_message": "[{\"added\": {}}]"}}, {"model": "admin.logentry", "pk": 60, "fields": {"action_time": "2021-01-24T12:46:29.996Z", "user": 1, "content_type": 14, "object_id": "35", "object_repr": "Alpha Domus The Pilot Late Harvest Semillon 2015 (", "action_flag": 1, "change_message": "[{\"added\": {}}]"}}, {"model": "admin.logentry", "pk": 61, "fields": {"action_time": "2021-01-24T12:50:28.862Z", "user": 1, "content_type": 14, "object_id": "34", "object_repr": "Grant Burge 10 Year Old Tawny", "action_flag": 2, "change_message": "[{\"changed\": {\"fields\": [\"Image\"]}}]"}}, {"model": "admin.logentry", "pk": 62, "fields": {"action_time": "2021-01-24T12:52:35.335Z", "user": 1, "content_type": 14, "object_id": "35", "object_repr": "Alpha Domus The Pilot Late Harvest Semillon 2015 (", "action_flag": 2, "change_message": "[{\"changed\": {\"fields\": [\"Sku\"]}}]"}}, {"model": "admin.logentry", "pk": 63, "fields": {"action_time": "2021-01-24T13:06:37.271Z", "user": 1, "content_type": 14, "object_id": "36", "object_repr": "Kellerei Kaltern Quintessenz Passito DOC 2014 (0,3", "action_flag": 1, "change_message": "[{\"added\": {}}]"}}, {"model": "admin.logentry", "pk": 64, "fields": {"action_time": "2021-01-24T13:11:00.765Z", "user": 1, "content_type": 14, "object_id": "37", "object_repr": "De Trafford Straw Wine (0,375L)", "action_flag": 1, "change_message": "[{\"added\": {}}]"}}, {"model": "admin.logentry", "pk": 65, "fields": {"action_time": "2021-01-24T13:14:53.301Z", "user": 1, "content_type": 14, "object_id": "38", "object_repr": "Champagne Gremillet Ratafia de Champagne", "action_flag": 1, "change_message": "[{\"added\": {}}]"}}, {"model": "admin.logentry", "pk": 66, "fields": {"action_time": "2021-01-24T13:17:36.578Z", "user": 1, "content_type": 14, "object_id": "39", "object_repr": "Thanisch Lieserer Niederberg Helden Riesling Spätl", "action_flag": 1, "change_message": "[{\"added\": {}}]"}}, {"model": "admin.logentry", "pk": 67, "fields": {"action_time": "2021-01-24T13:20:31.454Z", "user": 1, "content_type": 14, "object_id": "40", "object_repr": "Château d`Yquem 1er Grand Cru Classé Sauternes 200", "action_flag": 1, "change_message": "[{\"added\": {}}]"}}, {"model": "admin.logentry", "pk": 68, "fields": {"action_time": "2021-01-24T13:26:05.513Z", "user": 1, "content_type": 14, "object_id": "41", "object_repr": "Messias Vinho Do Porto Ruby", "action_flag": 1, "change_message": "[{\"added\": {}}]"}}, {"model": "admin.logentry", "pk": 69, "fields": {"action_time": "2021-01-24T13:29:29.787Z", "user": 1, "content_type": 14, "object_id": "42", "object_repr": "Krohn White Port", "action_flag": 1, "change_message": "[{\"added\": {}}]"}}, {"model": "admin.logentry", "pk": 70, "fields": {"action_time": "2021-01-24T13:36:34.918Z", "user": 1, "content_type": 14, "object_id": "43", "object_repr": "Croft Pink Port Rosé", "action_flag": 1, "change_message": "[{\"added\": {}}]"}}, {"model": "admin.logentry", "pk": 71, "fields": {"action_time": "2021-01-24T13:39:57.256Z", "user": 1, "content_type": 14, "object_id": "44", "object_repr": "Niepoort Dry White", "action_flag": 1, "change_message": "[{\"added\": {}}]"}}, {"model": "admin.logentry", "pk": 72, "fields": {"action_time": "2021-01-24T13:44:26.783Z", "user": 1, "content_type": 14, "object_id": "45", "object_repr": "Ferreira Port Dona Antónia Reserva White in gift p", "action_flag": 1, "change_message": "[{\"added\": {}}]"}}, {"model": "admin.logentry", "pk": 73, "fields": {"action_time": "2021-01-24T13:48:56.417Z", "user": 1, "content_type": 14, "object_id": "46", "object_repr": "Fonseca White Port", "action_flag": 1, "change_message": "[{\"added\": {}}]"}}, {"model": "admin.logentry", "pk": 74, "fields": {"action_time": "2021-01-24T13:53:12.047Z", "user": 1, "content_type": 14, "object_id": "47", "object_repr": "Taylor`s Port Tawny 30 Years Old NV", "action_flag": 1, "change_message": "[{\"added\": {}}]"}}, {"model": "admin.logentry", "pk": 75, "fields": {"action_time": "2021-01-24T14:00:02.405Z", "user": 1, "content_type": 14, "object_id": "48", "object_repr": "Gonzalez Byass Solera 1847 Oloroso Cream NV", "action_flag": 1, "change_message": "[{\"added\": {}}]"}}, {"model": "admin.logentry", "pk": 76, "fields": {"action_time": "2021-01-24T14:03:41.785Z", "user": 1, "content_type": 14, "object_id": "49", "object_repr": "Emilio Lustau Pedro Ximenez Murillo Centenary Sele", "action_flag": 1, "change_message": "[{\"added\": {}}]"}}, {"model": "admin.logentry", "pk": 77, "fields": {"action_time": "2021-01-24T14:07:08.890Z", "user": 1, "content_type": 14, "object_id": "50", "object_repr": "Valdespino Moscatel Promesa DO", "action_flag": 1, "change_message": "[{\"added\": {}}]"}}, {"model": "admin.logentry", "pk": 78, "fields": {"action_time": "2021-01-24T14:09:01.900Z", "user": 1, "content_type": 14, "object_id": "46", "object_repr": "Fonseca White Port", "action_flag": 2, "change_message": "[{\"changed\": {\"fields\": [\"Image\"]}}]"}}, {"model": "admin.logentry", "pk": 79, "fields": {"action_time": "2021-01-24T14:13:24.431Z", "user": 1, "content_type": 14, "object_id": "51", "object_repr": "Valdespino Manzanilla `Deliciosa` NV", "action_flag": 1, "change_message": "[{\"added\": {}}]"}}, {"model": "admin.logentry", "pk": 80, "fields": {"action_time": "2021-01-24T14:16:42.679Z", "user": 1, "content_type": 14, "object_id": "52", "object_repr": "Gonzalez Byass Croft Original Sherry NV", "action_flag": 1, "change_message": "[{\"added\": {}}]"}}, {"model": "admin.logentry", "pk": 81, "fields": {"action_time": "2021-01-24T14:19:30.300Z", "user": 1, "content_type": 14, "object_id": "53", "object_repr": "Valdespino Fino 'Inocente' NV", "action_flag": 1, "change_message": "[{\"added\": {}}]"}}, {"model": "admin.logentry", "pk": 82, "fields": {"action_time": "2021-01-24T14:22:34.155Z", "user": 1, "content_type": 14, "object_id": "54", "object_repr": "Emilio Lustau East India Solera Sherry NV (0,5L)", "action_flag": 1, "change_message": "[{\"added\": {}}]"}}, {"model": "admin.logentry", "pk": 83, "fields": {"action_time": "2021-01-25T17:24:32.886Z", "user": 1, "content_type": 14, "object_id": "45", "object_repr": "Ferreira Port Dona Antónia Reserva White in gift p", "action_flag": 2, "change_message": "[{\"changed\": {\"fields\": [\"Sku\"]}}]"}}, {"model": "admin.logentry", "pk": 84, "fields": {"action_time": "2021-01-25T17:25:14.724Z", "user": 1, "content_type": 14, "object_id": "49", "object_repr": "Emilio Lustau Pedro Ximenez Murillo Centenary Sele", "action_flag": 2, "change_message": "[{\"changed\": {\"fields\": [\"Sku\"]}}]"}}, {"model": "admin.logentry", "pk": 85, "fields": {"action_time": "2021-01-25T17:26:02.805Z", "user": 1, "content_type": 14, "object_id": "52", "object_repr": "Gonzalez Byass Croft Original Sherry NV", "action_flag": 2, "change_message": "[{\"changed\": {\"fields\": [\"Sku\"]}}]"}}, {"model": "admin.logentry", "pk": 86, "fields": {"action_time": "2021-01-27T12:19:12.062Z", "user": 1, "content_type": 16, "object_id": "1", "object_repr": "54261894CEB64A41A4BCD68FE5B1F474", "action_flag": 2, "change_message": "[{\"deleted\": {\"name\": \"order line item\", \"object\": \"SKU pp0000000001 on order 54261894CEB64A41A4BCD68FE5B1F474\"}}]"}}, {"model": "admin.logentry", "pk": 87, "fields": {"action_time": "2021-01-27T12:21:05.609Z", "user": 1, "content_type": 16, "object_id": "1", "object_repr": "54261894CEB64A41A4BCD68FE5B1F474", "action_flag": 2, "change_message": "[{\"changed\": {\"name\": \"order line item\", \"object\": \"SKU pp0000000033 on order 54261894CEB64A41A4BCD68FE5B1F474\", \"fields\": [\"Quantity\"]}}]"}}, {"model": "admin.logentry", "pk": 88, "fields": {"action_time": "2021-01-27T12:21:57.068Z", "user": 1, "content_type": 16, "object_id": "1", "object_repr": "54261894CEB64A41A4BCD68FE5B1F474", "action_flag": 3, "change_message": ""}}, {"model": "admin.logentry", "pk": 89, "fields": {"action_time": "2021-01-28T10:08:25.072Z", "user": 1, "content_type": 4, "object_id": "2", "object_repr": "Tester", "action_flag": 3, "change_message": ""}}, {"model": "admin.logentry", "pk": 90, "fields": {"action_time": "2021-01-28T10:08:25.097Z", "user": 1, "content_type": 4, "object_id": "3", "object_repr": "Tester12", "action_flag": 3, "change_message": ""}}, {"model": "admin.logentry", "pk": 91, "fields": {"action_time": "2021-01-28T10:08:25.118Z", "user": 1, "content_type": 4, "object_id": "4", "object_repr": "Tester121212", "action_flag": 3, "change_message": ""}}, {"model": "admin.logentry", "pk": 92, "fields": {"action_time": "2021-01-28T10:08:25.160Z", "user": 1, "content_type": 4, "object_id": "5", "object_repr": "Tester1212123", "action_flag": 3, "change_message": ""}}, {"model": "admin.logentry", "pk": 93, "fields": {"action_time": "2021-01-28T11:54:16.528Z", "user": 1, "content_type": 4, "object_id": "6", "object_repr": "Tester", "action_flag": 3, "change_message": ""}}, {"model": "admin.logentry", "pk": 94, "fields": {"action_time": "2021-01-28T11:54:16.556Z", "user": 1, "content_type": 4, "object_id": "7", "object_repr": "Tester123", "action_flag": 3, "change_message": ""}}, {"model": "admin.logentry", "pk": 95, "fields": {"action_time": "2021-01-29T20:39:07.283Z", "user": 1, "content_type": 14, "object_id": "55", "object_repr": "Test", "action_flag": 3, "change_message": ""}}, {"model": "admin.logentry", "pk": 96, "fields": {"action_time": "2021-01-29T21:27:26.516Z", "user": 1, "content_type": 14, "object_id": "56", "object_repr": "TEST", "action_flag": 3, "change_message": ""}}, {"model": "admin.logentry", "pk": 97, "fields": {"action_time": "2021-01-31T13:16:49.731Z", "user": 1, "content_type": 18, "object_id": "1", "object_repr": "My first Post", "action_flag": 1, "change_message": "[{\"added\": {}}]"}}, {"model": "admin.logentry", "pk": 98, "fields": {"action_time": "2021-01-31T13:18:56.300Z", "user": 1, "content_type": 18, "object_id": "2", "object_repr": "TestPost 2", "action_flag": 1, "change_message": "[{\"added\": {}}]"}}, {"model": "admin.logentry", "pk": 99, "fields": {"action_time": "2021-01-31T13:19:10.601Z", "user": 1, "content_type": 18, "object_id": "3", "object_repr": "TestPost 3", "action_flag": 1, "change_message": "[{\"added\": {}}]"}}, {"model": "admin.logentry", "pk": 100, "fields": {"action_time": "2021-01-31T17:52:57.774Z", "user": 1, "content_type": 18, "object_id": "1", "object_repr": "The Basics", "action_flag": 2, "change_message": "[{\"changed\": {\"fields\": [\"Title\", \"Slug\", \"Content\", \"Image\"]}}]"}}, {"model": "admin.logentry", "pk": 101, "fields": {"action_time": "2021-01-31T17:58:17.747Z", "user": 1, "content_type": 18, "object_id": "1", "object_repr": "The Basics", "action_flag": 2, "change_message": "[{\"changed\": {\"fields\": [\"Content\"]}}]"}}, {"model": "admin.logentry", "pk": 102, "fields": {"action_time": "2021-01-31T18:04:59.197Z", "user": 1, "content_type": 18, "object_id": "1", "object_repr": "The Basics", "action_flag": 2, "change_message": "[{\"changed\": {\"fields\": [\"Content\"]}}]"}}, {"model": "admin.logentry", "pk": 103, "fields": {"action_time": "2021-01-31T18:08:49.416Z", "user": 1, "content_type": 18, "object_id": "1", "object_repr": "The Basics", "action_flag": 2, "change_message": "[{\"changed\": {\"fields\": [\"Content\"]}}]"}}, {"model": "admin.logentry", "pk": 104, "fields": {"action_time": "2021-01-31T18:12:58.194Z", "user": 1, "content_type": 18, "object_id": "1", "object_repr": "The Basics", "action_flag": 2, "change_message": "[{\"changed\": {\"fields\": [\"Content\"]}}]"}}, {"model": "admin.logentry", "pk": 105, "fields": {"action_time": "2021-01-31T19:01:49.171Z", "user": 1, "content_type": 18, "object_id": "1", "object_repr": "The Basics", "action_flag": 2, "change_message": "[{\"changed\": {\"fields\": [\"Content\"]}}]"}}, {"model": "admin.logentry", "pk": 106, "fields": {"action_time": "2021-01-31T19:13:58.798Z", "user": 1, "content_type": 18, "object_id": "1", "object_repr": "The Basics", "action_flag": 2, "change_message": "[{\"changed\": {\"fields\": [\"Content\"]}}]"}}, {"model": "admin.logentry", "pk": 107, "fields": {"action_time": "2021-01-31T19:16:46.433Z", "user": 1, "content_type": 18, "object_id": "1", "object_repr": "The Basics", "action_flag": 2, "change_message": "[{\"changed\": {\"fields\": [\"Content\"]}}]"}}, {"model": "admin.logentry", "pk": 108, "fields": {"action_time": "2021-01-31T19:17:36.525Z", "user": 1, "content_type": 18, "object_id": "1", "object_repr": "The Basics", "action_flag": 2, "change_message": "[{\"changed\": {\"fields\": [\"Content\"]}}]"}}, {"model": "admin.logentry", "pk": 109, "fields": {"action_time": "2021-02-01T10:19:20.279Z", "user": 1, "content_type": 18, "object_id": "2", "object_repr": "Homemade Pumpkin Wine Recipe", "action_flag": 2, "change_message": "[{\"changed\": {\"fields\": [\"Title\", \"Slug\", \"Content\"]}}]"}}, {"model": "admin.logentry", "pk": 110, "fields": {"action_time": "2021-02-01T10:21:57.405Z", "user": 1, "content_type": 18, "object_id": "2", "object_repr": "Homemade Pumpkin Wine Recipe", "action_flag": 2, "change_message": "[{\"changed\": {\"fields\": [\"Content\", \"Image\"]}}]"}}, {"model": "admin.logentry", "pk": 111, "fields": {"action_time": "2021-02-01T10:40:09.718Z", "user": 1, "content_type": 18, "object_id": "2", "object_repr": "Homemade Pumpkin Wine Recipe", "action_flag": 2, "change_message": "[{\"changed\": {\"fields\": [\"Content\"]}}]"}}, {"model": "admin.logentry", "pk": 112, "fields": {"action_time": "2021-02-01T10:41:02.785Z", "user": 1, "content_type": 18, "object_id": "1", "object_repr": "The Basics", "action_flag": 2, "change_message": "[{\"changed\": {\"fields\": [\"Content\"]}}]"}}, {"model": "admin.logentry", "pk": 113, "fields": {"action_time": "2021-02-01T10:48:07.238Z", "user": 1, "content_type": 18, "object_id": "3", "object_repr": "TestPost 3", "action_flag": 3, "change_message": ""}}, {"model": "admin.logentry", "pk": 114, "fields": {"action_time": "2021-02-01T10:53:25.986Z", "user": 1, "content_type": 18, "object_id": "4", "object_repr": "How To Choose The Best Dessert Wines Like A Sommelier", "action_flag": 1, "change_message": "[{\"added\": {}}]"}}, {"model": "admin.logentry", "pk": 115, "fields": {"action_time": "2021-02-01T10:56:28.599Z", "user": 1, "content_type": 18, "object_id": "4", "object_repr": "How To Choose The Best Dessert Wines Like A Sommelier", "action_flag": 2, "change_message": "[{\"changed\": {\"fields\": [\"Content\", \"Status\", \"Image\"]}}]"}}, {"model": "auth.permission", "pk": 1, "fields": {"name": "Can add log entry", "content_type": 1, "codename": "add_logentry"}}, {"model": "auth.permission", "pk": 2, "fields": {"name": "Can change log entry", "content_type": 1, "codename": "change_logentry"}}, {"model": "auth.permission", "pk": 3, "fields": {"name": "Can delete log entry", "content_type": 1, "codename": "delete_logentry"}}, {"model": "auth.permission", "pk": 4, "fields": {"name": "Can view log entry", "content_type": 1, "codename": "view_logentry"}}, {"model": "auth.permission", "pk": 5, "fields": {"name": "Can add permission", "content_type": 2, "codename": "add_permission"}}, {"model": "auth.permission", "pk": 6, "fields": {"name": "Can change permission", "content_type": 2, "codename": "change_permission"}}, {"model": "auth.permission", "pk": 7, "fields": {"name": "Can delete permission", "content_type": 2, "codename": "delete_permission"}}, {"model": "auth.permission", "pk": 8, "fields": {"name": "Can view permission", "content_type": 2, "codename": "view_permission"}}, {"model": "auth.permission", "pk": 9, "fields": {"name": "Can add group", "content_type": 3, "codename": "add_group"}}, {"model": "auth.permission", "pk": 10, "fields": {"name": "Can change group", "content_type": 3, "codename": "change_group"}}, {"model": "auth.permission", "pk": 11, "fields": {"name": "Can delete group", "content_type": 3, "codename": "delete_group"}}, {"model": "auth.permission", "pk": 12, "fields": {"name": "Can view group", "content_type": 3, "codename": "view_group"}}, {"model": "auth.permission", "pk": 13, "fields": {"name": "Can add user", "content_type": 4, "codename": "add_user"}}, {"model": "auth.permission", "pk": 14, "fields": {"name": "Can change user", "content_type": 4, "codename": "change_user"}}, {"model": "auth.permission", "pk": 15, "fields": {"name": "Can delete user", "content_type": 4, "codename": "delete_user"}}, {"model": "auth.permission", "pk": 16, "fields": {"name": "Can view user", "content_type": 4, "codename": "view_user"}}, {"model": "auth.permission", "pk": 17, "fields": {"name": "Can add content type", "content_type": 5, "codename": "add_contenttype"}}, {"model": "auth.permission", "pk": 18, "fields": {"name": "Can change content type", "content_type": 5, "codename": "change_contenttype"}}, {"model": "auth.permission", "pk": 19, "fields": {"name": "Can delete content type", "content_type": 5, "codename": "delete_contenttype"}}, {"model": "auth.permission", "pk": 20, "fields": {"name": "Can view content type", "content_type": 5, "codename": "view_contenttype"}}, {"model": "auth.permission", "pk": 21, "fields": {"name": "Can add session", "content_type": 6, "codename": "add_session"}}, {"model": "auth.permission", "pk": 22, "fields": {"name": "Can change session", "content_type": 6, "codename": "change_session"}}, {"model": "auth.permission", "pk": 23, "fields": {"name": "Can delete session", "content_type": 6, "codename": "delete_session"}}, {"model": "auth.permission", "pk": 24, "fields": {"name": "Can view session", "content_type": 6, "codename": "view_session"}}, {"model": "auth.permission", "pk": 25, "fields": {"name": "Can add site", "content_type": 7, "codename": "add_site"}}, {"model": "auth.permission", "pk": 26, "fields": {"name": "Can change site", "content_type": 7, "codename": "change_site"}}, {"model": "auth.permission", "pk": 27, "fields": {"name": "Can delete site", "content_type": 7, "codename": "delete_site"}}, {"model": "auth.permission", "pk": 28, "fields": {"name": "Can view site", "content_type": 7, "codename": "view_site"}}, {"model": "auth.permission", "pk": 29, "fields": {"name": "Can add email address", "content_type": 8, "codename": "add_emailaddress"}}, {"model": "auth.permission", "pk": 30, "fields": {"name": "Can change email address", "content_type": 8, "codename": "change_emailaddress"}}, {"model": "auth.permission", "pk": 31, "fields": {"name": "Can delete email address", "content_type": 8, "codename": "delete_emailaddress"}}, {"model": "auth.permission", "pk": 32, "fields": {"name": "Can view email address", "content_type": 8, "codename": "view_emailaddress"}}, {"model": "auth.permission", "pk": 33, "fields": {"name": "Can add email confirmation", "content_type": 9, "codename": "add_emailconfirmation"}}, {"model": "auth.permission", "pk": 34, "fields": {"name": "Can change email confirmation", "content_type": 9, "codename": "change_emailconfirmation"}}, {"model": "auth.permission", "pk": 35, "fields": {"name": "Can delete email confirmation", "content_type": 9, "codename": "delete_emailconfirmation"}}, {"model": "auth.permission", "pk": 36, "fields": {"name": "Can view email confirmation", "content_type": 9, "codename": "view_emailconfirmation"}}, {"model": "auth.permission", "pk": 37, "fields": {"name": "Can add social account", "content_type": 10, "codename": "add_socialaccount"}}, {"model": "auth.permission", "pk": 38, "fields": {"name": "Can change social account", "content_type": 10, "codename": "change_socialaccount"}}, {"model": "auth.permission", "pk": 39, "fields": {"name": "Can delete social account", "content_type": 10, "codename": "delete_socialaccount"}}, {"model": "auth.permission", "pk": 40, "fields": {"name": "Can view social account", "content_type": 10, "codename": "view_socialaccount"}}, {"model": "auth.permission", "pk": 41, "fields": {"name": "Can add social application", "content_type": 11, "codename": "add_socialapp"}}, {"model": "auth.permission", "pk": 42, "fields": {"name": "Can change social application", "content_type": 11, "codename": "change_socialapp"}}, {"model": "auth.permission", "pk": 43, "fields": {"name": "Can delete social application", "content_type": 11, "codename": "delete_socialapp"}}, {"model": "auth.permission", "pk": 44, "fields": {"name": "Can view social application", "content_type": 11, "codename": "view_socialapp"}}, {"model": "auth.permission", "pk": 45, "fields": {"name": "Can add social application token", "content_type": 12, "codename": "add_socialtoken"}}, {"model": "auth.permission", "pk": 46, "fields": {"name": "Can change social application token", "content_type": 12, "codename": "change_socialtoken"}}, {"model": "auth.permission", "pk": 47, "fields": {"name": "Can delete social application token", "content_type": 12, "codename": "delete_socialtoken"}}, {"model": "auth.permission", "pk": 48, "fields": {"name": "Can view social application token", "content_type": 12, "codename": "view_socialtoken"}}, {"model": "auth.permission", "pk": 49, "fields": {"name": "Can add category", "content_type": 13, "codename": "add_category"}}, {"model": "auth.permission", "pk": 50, "fields": {"name": "Can change category", "content_type": 13, "codename": "change_category"}}, {"model": "auth.permission", "pk": 51, "fields": {"name": "Can delete category", "content_type": 13, "codename": "delete_category"}}, {"model": "auth.permission", "pk": 52, "fields": {"name": "Can view category", "content_type": 13, "codename": "view_category"}}, {"model": "auth.permission", "pk": 53, "fields": {"name": "Can add product", "content_type": 14, "codename": "add_product"}}, {"model": "auth.permission", "pk": 54, "fields": {"name": "Can change product", "content_type": 14, "codename": "change_product"}}, {"model": "auth.permission", "pk": 55, "fields": {"name": "Can delete product", "content_type": 14, "codename": "delete_product"}}, {"model": "auth.permission", "pk": 56, "fields": {"name": "Can view product", "content_type": 14, "codename": "view_product"}}, {"model": "auth.permission", "pk": 57, "fields": {"name": "Can add order line item", "content_type": 15, "codename": "add_orderlineitem"}}, {"model": "auth.permission", "pk": 58, "fields": {"name": "Can change order line item", "content_type": 15, "codename": "change_orderlineitem"}}, {"model": "auth.permission", "pk": 59, "fields": {"name": "Can delete order line item", "content_type": 15, "codename": "delete_orderlineitem"}}, {"model": "auth.permission", "pk": 60, "fields": {"name": "Can view order line item", "content_type": 15, "codename": "view_orderlineitem"}}, {"model": "auth.permission", "pk": 61, "fields": {"name": "Can add order", "content_type": 16, "codename": "add_order"}}, {"model": "auth.permission", "pk": 62, "fields": {"name": "Can change order", "content_type": 16, "codename": "change_order"}}, {"model": "auth.permission", "pk": 63, "fields": {"name": "Can delete order", "content_type": 16, "codename": "delete_order"}}, {"model": "auth.permission", "pk": 64, "fields": {"name": "Can view order", "content_type": 16, "codename": "view_order"}}, {"model": "auth.permission", "pk": 65, "fields": {"name": "Can add user profile", "content_type": 17, "codename": "add_userprofile"}}, {"model": "auth.permission", "pk": 66, "fields": {"name": "Can change user profile", "content_type": 17, "codename": "change_userprofile"}}, {"model": "auth.permission", "pk": 67, "fields": {"name": "Can delete user profile", "content_type": 17, "codename": "delete_userprofile"}}, {"model": "auth.permission", "pk": 68, "fields": {"name": "Can view user profile", "content_type": 17, "codename": "view_userprofile"}}, {"model": "auth.permission", "pk": 69, "fields": {"name": "Can add post", "content_type": 18, "codename": "add_post"}}, {"model": "auth.permission", "pk": 70, "fields": {"name": "Can change post", "content_type": 18, "codename": "change_post"}}, {"model": "auth.permission", "pk": 71, "fields": {"name": "Can delete post", "content_type": 18, "codename": "delete_post"}}, {"model": "auth.permission", "pk": 72, "fields": {"name": "Can view post", "content_type": 18, "codename": "view_post"}}, {"model": "auth.permission", "pk": 73, "fields": {"name": "Can add comment", "content_type": 19, "codename": "add_comment"}}, {"model": "auth.permission", "pk": 74, "fields": {"name": "Can change comment", "content_type": 19, "codename": "change_comment"}}, {"model": "auth.permission", "pk": 75, "fields": {"name": "Can delete comment", "content_type": 19, "codename": "delete_comment"}}, {"model": "auth.permission", "pk": 76, "fields": {"name": "Can view comment", "content_type": 19, "codename": "view_comment"}}, {"model": "auth.user", "pk": 1, "fields": {"password": "pbkdf2_sha256$216000$4AJDnirYhfkn$c/+7RM4gfhAOqRix06GVMCuFn5iaD1aTzSojUIAFCvE=", "last_login": "2021-02-02T12:15:28.151Z", "is_superuser": true, "username": "Admin", "first_name": "", "last_name": "", "email": "adrianlaub@aol.com", "is_staff": true, "is_active": true, "date_joined": "2021-01-21T10:58:28.633Z", "groups": [], "user_permissions": []}}, {"model": "auth.user", "pk": 8, "fields": {"password": "pbkdf2_sha256$216000$0TTzDUExXiw4$S2XSoNqObPhv9EIa2cHRfhKB+KJfR3BMDGnADKnO0uc=", "last_login": "2021-01-28T11:56:09.669Z", "is_superuser": false, "username": "TestUser", "first_name": "", "last_name": "", "email": "test@test.com", "is_staff": false, "is_active": true, "date_joined": "2021-01-28T11:54:56.272Z", "groups": [], "user_permissions": []}}, {"model": "contenttypes.contenttype", "pk": 1, "fields": {"app_label": "admin", "model": "logentry"}}, {"model": "contenttypes.contenttype", "pk": 2, "fields": {"app_label": "auth", "model": "permission"}}, {"model": "contenttypes.contenttype", "pk": 3, "fields": {"app_label": "auth", "model": "group"}}, {"model": "contenttypes.contenttype", "pk": 4, "fields": {"app_label": "auth", "model": "user"}}, {"model": "contenttypes.contenttype", "pk": 5, "fields": {"app_label": "contenttypes", "model": "contenttype"}}, {"model": "contenttypes.contenttype", "pk": 6, "fields": {"app_label": "sessions", "model": "session"}}, {"model": "contenttypes.contenttype", "pk": 7, "fields": {"app_label": "sites", "model": "site"}}, {"model": "contenttypes.contenttype", "pk": 8, "fields": {"app_label": "account", "model": "emailaddress"}}, {"model": "contenttypes.contenttype", "pk": 9, "fields": {"app_label": "account", "model": "emailconfirmation"}}, {"model": "contenttypes.contenttype", "pk": 10, "fields": {"app_label": "socialaccount", "model": "socialaccount"}}, {"model": "contenttypes.contenttype", "pk": 11, "fields": {"app_label": "socialaccount", "model": "socialapp"}}, {"model": "contenttypes.contenttype", "pk": 12, "fields": {"app_label": "socialaccount", "model": "socialtoken"}}, {"model": "contenttypes.contenttype", "pk": 13, "fields": {"app_label": "products", "model": "category"}}, {"model": "contenttypes.contenttype", "pk": 14, "fields": {"app_label": "products", "model": "product"}}, {"model": "contenttypes.contenttype", "pk": 15, "fields": {"app_label": "checkout", "model": "orderlineitem"}}, {"model": "contenttypes.contenttype", "pk": 16, "fields": {"app_label": "checkout", "model": "order"}}, {"model": "contenttypes.contenttype", "pk": 17, "fields": {"app_label": "profiles", "model": "userprofile"}}, {"model": "contenttypes.contenttype", "pk": 18, "fields": {"app_label": "blog", "model": "post"}}, {"model": "contenttypes.contenttype", "pk": 19, "fields": {"app_label": "blog", "model": "comment"}}, {"model": "sessions.session", "pk": "aei5akcpnv0qo5kvqpyuvlxdk78sikm3", "fields": {"session_data": ".eJxVjEEOwiAQRe_C2hBgkBaX7nsGMgODVA0kpV0Z765NutDtf-_9lwi4rSVsnZcwJ3ERWpx-N8L44LqDdMd6azK2ui4zyV2RB-1yaomf18P9OyjYy7c2YJ1XY4JsYDQO2KPOUWPKxKgoorWDUoRgOQKfHRGTBa8T4pC9RvH-AOdvOKM:1l6uae:SfyH4IXy1SVKr_3Eitmr2YCOqaXK-F5YBvROR5w7rKQ", "expire_date": "2021-02-16T12:15:28.195Z"}}, {"model": "sessions.session", "pk": "eq0cxehcli70ae9b561cpndm2p2oce6s", "fields": {"session_data": "e30:1l53Uh:kGg0GIWVCr01oHrhUk48n7aS2AEviqdSbeiAHE2V7QA", "expire_date": "2021-02-11T09:21:39.723Z"}}, {"model": "sessions.session", "pk": "r1uu2txbooen93sg2s31ui54zp2sfoms", "fields": {"session_data": "eyJiYWciOnsiMiI6M319:1l44I6:vmfrUj8Czmf57KwkKoRmpeJlrz-UfKVGQMWBjDltvpE", "expire_date": "2021-02-08T16:00:34.310Z"}}, {"model": "sessions.session", "pk": "udtv9uolvjwfdrm6xa1r06d1s2d3f1ks", "fields": {"session_data": ".eJxVjUFuwyAQRa9izdqywGAn9q69QpdxhAYYYrcUKgOVqih3L6lSqV3O-3_ev4LCkldVEu1qszADh_Yv02jeKNwD9P6OOzQmlpC7n84jTt1TvSjkzWDeYnh-fP1TrZjW6umFHCd2tML14tiPgibkznC0ThMybVDKA2MahSQjaBi1Ji3FxC3iwU0cqzThJ6ktuAhz3gu1oPEC8xWGAWZ-q6PvlBJeKNW502kBpV5TDL90gZa1_dAu8FKMqcwV778aS54y2YY3H3u0xeRugfMZbt_ExGGg:1l5aXr:MgsEwVyMITH-W2cKdkNXnW6PTOlQ79qRCyz3rXfJXRM", "expire_date": "2021-02-12T20:39:07.339Z"}}, {"model": "sessions.session", "pk": "w25nhq260vukfx03l3idt43tdw0z6zlx", "fields": {"session_data": ".eJxVjDEOgzAQBP9ydWTZPgcwZfq8wbqzz0ASgYShQvw9IFEk7c7sbBBoXfqwFpnDkKAFA7ffjSm-ZTxBetHYTSpO4zIPrE5FXbSo55Tk87jcv0BPpT_eFl3ldZMwW2xsheLJ5GgoZRbSHMm5WmsmdBJR7hWzsENvElGdvaEjytRBu4GF1u77FxiUPFE:1l44P4:i1jZLYYQN5jLDlKzTKK0Usd8z25b0AmzwBtmu1My_Z4", "expire_date": "2021-02-08T16:07:46.285Z"}}, {"model": "sites.site", "pk": 1, "fields": {"domain": "veritas_vinos.com", "name": "Veritas Vinos"}}, {"model": "account.emailaddress", "pk": 1, "fields": {"user": 1, "email": "adrianlaub@aol.com", "verified": true, "primary": true}}, {"model": "account.emailaddress", "pk": 8, "fields": {"user": 8, "email": "test@test.com", "verified": true, "primary": true}}, {"model": "products.category", "pk": 1, "fields": {"name": "red_wines", "friendly_name": "Red Wines"}}, {"model": "products.category", "pk": 2, "fields": {"name": "white_wines", "friendly_name": "White Wines"}}, {"model": "products.category", "pk": 3, "fields": {"name": "rose_wines", "friendly_name": "Rosé Wines"}}, {"model": "products.category", "pk": 4, "fields": {"name": "dessert_wines", "friendly_name": "Dessert Wines"}}, {"model": "products.category", "pk": 5, "fields": {"name": "port_wines", "friendly_name": "Port Wines"}}, {"model": "products.category", "pk": 6, "fields": {"name": "sherry", "friendly_name": "Sherry"}}, {"model": "products.product", "pk": 1, "fields": {"category": 1, "sku": "pp0000000001", "name": "Château de Saint Cosme Little James` Basket Press rouge", "taste": "dry", "winery": "Château de Saint Cosme", "country": "France", "grape_variety": "Grenache", "alcohol": "13,5 %", "acid": null, "residual_sugar": "dry", "description": "The Château de Saint Cosme Little James` Basket Press rouge is a pure Grenache, whose grapes result from different locations in the southern Rhône area. Main part is always the youngest vintage (50%) The other 50% assemble out of the previous vintages.\r\nAromas of cherry, oriental spices, gingerbread, strawberry compote and vanilla.", "price": "7.90", "rating": "4.50", "image": "001.jpg"}}, {"model": "products.product", "pk": 2, "fields": {"category": 1, "sku": "pp0000000002", "name": "Simonsvlei Zenzela Charming Red", "taste": "MEDIUM DRY COMPLEX & ELEGANT", "winery": "Simonsvlei Estate", "country": "South Africa", "grape_variety": "Blend", "alcohol": "12,5 %", "acid": null, "residual_sugar": "half-dry", "description": "A well rounded, medium-bodied, easy drinking wine with spicy/smoky aromas.\r\n\r\nAGEING POTENTIAL\r\nIt is a wine to be enjoyed immediately or stored away for a couple of months.", "price": "5.20", "rating": "4.00", "image": "002.jpg"}}, {"model": "products.product", "pk": 3, "fields": {"category": 2, "sku": "pp0000000003", "name": "Messias Vinho Verde", "taste": "MEDIUM DRY LIGHT & CRISP", "winery": "Messias", "country": "Portugal", "grape_variety": "Blended White", "alcohol": "8,5 %", "acid": null, "residual_sugar": "12 g/L", "description": "Pale citrus colour. Intense and fresh aroma. Medium sweet and a fresh acidity in mouth.", "price": "5.70", "rating": "1.50", "image": "003.jpg"}}, {"model": "products.product", "pk": 4, "fields": {"category": 3, "sku": "pp0000000010", "name": "Marisco The Ned Pinot Rosé 2017 Magnum (1,5L)", "taste": "DRY JUICY & WELL-BALANCED", "winery": "Marisco", "country": "New Zealand", "grape_variety": null, "alcohol": "13 %", "acid": "6,6 g/L", "residual_sugar": "5,25 g/L", "description": "Targeted vineyard sites for both varieties where the fruit balance and crop exposure was maintained to ensure even ripening and optimum fruit balance was achieved for this style of wine.\r\n\r\nThis inaugural Rosé release offers up a classic bouquet of red berries and cream, enriched by a broader element of tree-ripened persimmon with hints of faintly floral cherry and rose-tinged top notes.\r\n\r\nA neatly rounded, fleshy mouthful with that same creamy, summer berry fruits running through its core, all neatly balanced with bright, crisp acidity and a dusting of fine melon.", "price": "23.70", "rating": "3.50", "image": "010.jpg"}}, {"model": "products.product", "pk": 5, "fields": {"category": 4, "sku": "pp0000000004", "name": "Miguel Torres Floralis Moscatel Oro NV (0,5L)", "taste": "Sweet", "winery": "Miguel Torres", "country": "Spain", "grape_variety": null, "alcohol": "15 %", "acid": "3 g/L", "residual_sugar": "N/A", "description": "Of a fine amberish colour, with dark topaz tints, it exhibits in all their splendour the fruity (orange blossom honey, candied orange, lemon peel, raisins), floral (rose, geranium, lily) and spiced (tobacco leaf, rosewood, clove) aromas of the Moscatel variety. On the palate it is a marvel of balance: its honeyed, perfumed sugars are set off by a fine fruity acidity.", "price": "12.90", "rating": "4.40", "image": "004_EImgcwT.jpg"}}, {"model": "products.product", "pk": 6, "fields": {"category": 4, "sku": "pp0000000005", "name": "Château Rieussec Carmes de Rieussec 2011", "taste": "Sweet", "winery": "Château Rieussec", "country": "France", "grape_variety": null, "alcohol": "13,5", "acid": "3 g/L", "residual_sugar": "118g/L", "description": "The second wine of Château Rieussec is selected according to the same standards as the first wine. Its constant feature is that it has been centred on a fine aromatic structure dominated by citrus aromas. The name, Carmes de Rieussec, relates to the monks of the Carmes de Langon, who were owners of the Rieussec estate in the 18th century.", "price": "22.50", "rating": "3.70", "image": "005.jpg"}}, {"model": "products.product", "pk": 7, "fields": {"category": 1, "sku": "pp0000000006", "name": "Vinicola Salton Intenso Tannat 2013", "taste": "DRY BOLD & OPULENT", "winery": "Vinícola Salton", "country": "Brazil", "grape_variety": "Tannat", "alcohol": "13 %", "acid": null, "residual_sugar": "dry", "description": "Wine with intense purple color with aromas resembling fruit such as blueberries, blackberries, plums and dry leaves, mushroom, nuts, eucalyptus mint, black pepper and other spices. Its tannins are remarkable with good permanence of the flavors in the mouth.", "price": "8.60", "rating": "3.80", "image": "006_I1bgjXA.jpg"}}, {"model": "products.product", "pk": 8, "fields": {"category": 1, "sku": "pp0000000008", "name": "Domaines Barons de Rothschild Château Lafite-Roths", "taste": "dry", "winery": "Domaines Barons de Rothschild", "country": "France", "grape_variety": null, "alcohol": "13 %", "acid": null, "residual_sugar": "dry", "description": "A deep bouquet of dark fruit and liquorice. The palate is full-bodied and surprisingly expressive, but then becomes tighter, expressing power and exuberance. The youth of this Lafite does not hide its energy, but the distinctive elegance and complexity are already there!", "price": "1500.00", "rating": "1.50", "image": "008.jpg"}}, {"model": "products.product", "pk": 9, "fields": {"category": 1, "sku": "pp0000000009", "name": "Vega Sicilia Reserva Especial 06/07/09", "taste": "COMPLEX & ELEGANT", "winery": "Vega Sicilia", "country": "Spain", "grape_variety": "Tinto Fino, Cabernet Sauvignon", "alcohol": "14%", "acid": null, "residual_sugar": "dry", "description": "An enchanting fruity bouquet. On the palate, the wine is fatty and smooth. It also shows a nice freshness and an aromatic persistence with red fruit nuances.", "price": "499.00", "rating": "3.50", "image": "009.jpg"}}, {"model": "products.product", "pk": 10, "fields": {"category": 1, "sku": "pp0000000007", "name": "Château Prieuré-Lichine Margaux 2011", "taste": "COMPLEX & ELEGANT", "winery": "Château Prieuré-Lichine", "country": "France", "grape_variety": "Blend", "alcohol": "13 %", "acid": null, "residual_sugar": "dry", "description": "Intense colour with purplish glints. Pure and intense, dominated by notes of very ripe red fruit. Powerful, rich and voluptuous, offering density and remarkable depth. Precise tannic structure that reveals a phenolic  maturity  worthy of a great vintage. Plenty of substance in the finish with good tannic and aromatic length.", "price": "55.00", "rating": "3.00", "image": "007_QsGlXWY.jpg"}}, {"model": "products.product", "pk": 11, "fields": {"category": 1, "sku": "pp0000000011", "name": "d`Arenberg The Twentyeight Road Mourvèdre 2014", "taste": "BOLD & OPULENT", "winery": "d'Arenberg", "country": "Australia", "grape_variety": "Mourvèdre / Monastrell", "alcohol": "14%", "acid": null, "residual_sugar": "dry", "description": "This wine has a deep bright crimson-ruby colour with lifted spicy clove, cranberry and[br]ripening blackberry primary fruit smells, elements of mulberry, raspberry, light[br]blackcurrant, cinnamon and vanilla liquorice, as well as mint, dried herbs, iodine and[br]flowers - in particular violets, which are also evident on the young palate.\r\nThe flavours begin with vibrant floral fruits and a medium-bodied elegant sweetness.\r\nThe flavour grows, as do the vibrant fruit tannins. Rich oak tannins add round weight.\r\nThe fragrant, very complex dried herb and iodine characters grow with tannins freshening the palate. Its medium to full-flavoured fruit weight dominates softer, rounded vanilla-mocha oak flavours, before a long, fine acid and slightly sour cherry tannin like finish.\r\nAfter some bottle age, Mourvèdre should soften in colour. The palate should also develop and integrate with soft prune, cranberry, velvety, earthy and chocolate flavours and a vibrant fresh acid and a plentiful fine-grained tannin finish for quite some time.", "price": "24.00", "rating": null, "image": "011.jpg"}}, {"model": "products.product", "pk": 12, "fields": {"category": 1, "sku": "pp0000000012", "name": "Xanadu Exmoor Shiraz 2013", "taste": "BOLD & OPULENT", "winery": "Xanadu", "country": "Australia", "grape_variety": "Shiraz / Syrah", "alcohol": "14%", "acid": null, "residual_sugar": "dry", "description": "Deep red with ruby hues. The wine exhibits vibrant, characteristic aromas of ripe blackcurrants, berry fruits, and dark plums entwined with hints of spicy, toasty oak. The generous palate is packed full of jubey forest fruits, cassis and chocolate characters. Full bodied, these attractive fleshy fruits fit into a structure supported by fine boned tannins, and a persistent berry fruit finish.", "price": "14.50", "rating": "2.80", "image": "012.jpg"}}, {"model": "products.product", "pk": 14, "fields": {"category": 1, "sku": "pp0000000013", "name": "Firriato Harmonium Sicilia DOC 2013", "taste": "BOLD & OPULENT", "winery": "Firriato", "country": "Italy", "grape_variety": "Nero d'Avola", "alcohol": "15 %", "acid": null, "residual_sugar": "dry", "description": "A dark, almost black ruby red appears in the glass. The Firriato Harmonium Sicilia DOC shows aromas of cherries and ripe plums. On the palate the mighty and warm body with its pleasing strong tannins surprises.", "price": "26.50", "rating": "2.80", "image": "013.jpg"}}, {"model": "products.product", "pk": 15, "fields": {"category": 1, "sku": "pp0000000014", "name": "Casa Carmela Dulce 2019", "taste": "SWEET BOLD & OPULENT", "winery": "Castaño", "country": "Spain", "grape_variety": "85 % Monastrell, 15 % Syrah", "alcohol": "12%", "acid": "5,1 g/Liter", "residual_sugar": "45 g/Liter", "description": "Dark red color: with notes of blackberry and blueberry jam, sweet, smooth and balanced in taste with a pleasant spice in the finish.", "price": "6.50", "rating": "4.30", "image": "014.jpg"}}, {"model": "products.product", "pk": 16, "fields": {"category": 1, "sku": "pp0000000015", "name": "DFJ Vinhos Portada Tinto 2019", "taste": "Sweet", "winery": "DFJ Vinhos", "country": "Portugal", "grape_variety": "Blend", "alcohol": "12,5", "acid": "6 g/L", "residual_sugar": "20 g/L", "description": "This deep, ruby red, medium-bodied wine has berry fruit flavours and a beautiful balance.\r\n\r\nExcellent with food or by itself. Will accompany, for example, roasts, barbecues, pasta, vegetarian and cheese dishes.\r\n\r\nThe wine is aged in American, French of Allier and Portuguese oak barrels for 3 months.", "price": "5.90", "rating": "3.40", "image": "015.jpg"}}, {"model": "products.product", "pk": 17, "fields": {"category": 2, "sku": "pp0000000016", "name": "Domaine Henri Ruppert Schengen Markusberg Pinot Gr", "taste": "DRY LIGHT & CRISP", "winery": "Domaine Henri Ruppert", "country": "Luxembourg", "grape_variety": "Pinot Grigio", "alcohol": "13 %", "acid": "6 g/L", "residual_sugar": "dry", "description": "A Pinot Gris from Luxembourg that tastes like citrus fruits and sweet pears.", "price": "19.90", "rating": "3.80", "image": "016.jpg"}}, {"model": "products.product", "pk": 18, "fields": {"category": 2, "sku": "pp0000000017", "name": "Príncipe de Viana Edition Blanca 2016", "taste": "DRY BOLD & OPULENT", "winery": "Príncipe de Viana", "country": "Spain", "grape_variety": "Blended White", "alcohol": "13 %", "acid": "5,25 g/L", "residual_sugar": "1 g/L", "description": "Príncipe de Viana Edición Blanca, a white wine with an attractive and bright greenish yellow colour and fresh notes of citric fruits such as lime and grapefruit, intertwined with hints of pineapple, apricot and box. The palate is fresh, full-bodied and with a balanced acidity, all of which provides the wine with a lively fresh character and a long aftertaste.", "price": "11.95", "rating": "2.90", "image": "017.jpg"}}, {"model": "products.product", "pk": 19, "fields": {"category": 2, "sku": "pp0000000018", "name": "Jacaranda Old Vine Chenin Blanc 2015", "taste": "DRY JUICY & WELL-BALANCED", "winery": "Jacaranda Wines", "country": "South Africa", "grape_variety": "Chenin Blanc", "alcohol": "14", "acid": "5,25 g/L", "residual_sugar": "1,1 g/Liter", "description": "Made from 38 years old Chenin Blanc, complex, concentrated multi-layered. On the nose, apple and quince notes, which carry through to the palate. Beautiful fruit, elegant acidity and well-integrated oak.", "price": "36.95", "rating": "1.90", "image": "018.jpg"}}, {"model": "products.product", "pk": 20, "fields": {"category": 2, "sku": "pp0000000019", "name": "Budureasca Origini Sauvignon Blanc 2016", "taste": "BOLD & OPULENT", "winery": "Budureasca", "country": "Romania", "grape_variety": "Sauvignon Blanc", "alcohol": "13 %", "acid": "7,25 g/Liter", "residual_sugar": "dry", "description": "Fresh, intense, with strong aromas are the key words to describe a white wine masterpiece like the Sauvignon Blanc from Origini Range.\r\nThe wine has a lemon color, with a nose of elder flower and passion fruit.\r\nThe body is well-balanced, with a high acidity, a predominant aroma of gooseberry and a medium aftertaste.", "price": "14.90", "rating": "2.40", "image": "019.jpg"}}, {"model": "products.product", "pk": 21, "fields": {"category": 2, "sku": "pp0000000020", "name": "Maximin Grünhaus Abtsberg Riesling Auslese 2018", "taste": "SWEET LIGHT & CRISP", "winery": "Maximin Grünhaus", "country": "Germany", "grape_variety": "Riesling", "alcohol": "7,5", "acid": null, "residual_sugar": "sweet", "description": "A classic selection that can also be drunk without accompanying food. The bouquet is dominated by the elegant fruity herbalism of the wine. The wine exudes tenderness and complexity, juicy, complex and calm on the palate. The optimal balance and the salty minerality ensure an exciting drinking experience. Although it is already a delight in youth, this wine grows towards its true beauty over the years.", "price": "34.90", "rating": "3.00", "image": "020.jpg"}}, {"model": "products.product", "pk": 22, "fields": {"category": 2, "sku": "pp0000000021", "name": "Ress Family Wineries Forbidden Pleasure LiebFrauMi", "taste": "SWEET LIGHT & CRISP", "winery": "Ress Family Wineries", "country": "Germany", "grape_variety": "Muller Thurgau", "alcohol": "10,5", "acid": "7,3g/Liter", "residual_sugar": "22,5g/L", "description": "The latest temptation from the Ress Family Wineries is LiebFrauMilch - Forbidden Pleasure. The term Liebfraumilch has been associated with German wine around the world for decades. The wines have long been dismissed as \"sweet and cheap\" - for too long. It is time for a paradigm shift!", "price": "7.99", "rating": "3.50", "image": "021.jpg"}}, {"model": "products.product", "pk": 23, "fields": {"category": 2, "sku": "pp0000000022", "name": "El Grifo Colleccion Semidulce 2019", "taste": "SWEET BOLD & OPULENT", "winery": "El Grifo", "country": "Spain", "grape_variety": "Malvasia", "alcohol": "12,5", "acid": "6,5 g/L", "residual_sugar": "22,5g/L", "description": "This white wine impresses with its complex aroma - notes of white fruits such as pineapple, quince and pear give it an extremely fruity-fresh impression. In the mouth pleasantly soft, fresh and with a good acid structure, which has a balancing effect on the sweetness.", "price": "17.95", "rating": "4.80", "image": "022.jpg"}}, {"model": "products.product", "pk": 24, "fields": {"category": 2, "sku": "pp0000000023", "name": "Olivier Leflaive Batard-Montrachet Grand Cru 2014", "taste": "JUICY & WELL-BALANCED", "winery": "Olivier Leflaive", "country": "France", "grape_variety": "Chardonnay", "alcohol": "13 %", "acid": null, "residual_sugar": "dry", "description": "Variety-typical character with strength: lime, vanilla and buttery notes. The maturity gives a full taste and a sharp acidity. We recommend decanting 2 hours beforehand.", "price": "375.00", "rating": "4.30", "image": "023.jpg"}}, {"model": "products.product", "pk": 25, "fields": {"category": 2, "sku": "pp0000000024", "name": "Joseph Drouhin Beaune Clos des Mouches Côte de Bea", "taste": "JUICY & WELL-BALANCED", "winery": "Joseph Drouhin", "country": "France", "grape_variety": "Chardonnay", "alcohol": "13 %", "acid": null, "residual_sugar": "half-dry", "description": "Clos des Mouches white is a generous wine combining the body of Corton Charlemagne and the elegance of Montrachet. Its hue is bright, limpid, and pale golden. It has an elegantly perfumed nose of smoky citrus with tinges of vanilla. On the palate, the aromas are reminiscent of honey, almond, lemon and, as the wine gets older, grilled almonds.\r\n[br]\r\n[br]Admirably situated on a hill between Pommard and Beaune with a direct Southern exposure, Clos des Mouches is one of the most famous Premier Cru vineyards of Beaune. The name \"Clos des Mouches\" probably goes back to the beginning of the Middle-Ages (around 1550) because of its slopes facing South/South-East : a very favourable place for keeping bees. The word \"Mouches\" (Flies) was actually the local name for bees. As bee keepers started to set up their bee-hives, the area became known as \"Clos des Mouches\" (i.e. the Enclosure of the Honey Bees).\r\n[br]After the destruction of the Burgundy vineyards due to the phylloxera epidemic of 1875-1880, Clos des Mouches was entirely replanted with Pinot Noir. Having fortunately come across some ancient documents which revealed that the vineyard had previously produced an excellent white wine, Maurice Drouhin, in 1921, began replanting with some Chardonnay. The result was of exceptional quality. To-day, there is an almost equal balance between white and red.", "price": "125.00", "rating": "3.80", "image": "024.jpg"}}, {"model": "products.product", "pk": 26, "fields": {"category": 2, "sku": "pp0000000025", "name": "Louis Jadot Chassagne Montrachet AOC 2018", "taste": "DRY", "winery": "Louis Jadot", "country": "France", "grape_variety": "Chardonnay", "alcohol": "13 %", "acid": "3,8 g/Liter", "residual_sugar": "0,75 g/L", "description": "This traditional vinification in oak casks brings forth the rich, plump fruit and full body of the wine, which shows a vigorous, aromatic bouquet and persistent, earthy finish.\r\nThe white wines of Chassagne Montrachet are the most robust of the Côte des Blancs, becoming less delicate and more straight forward as one progresses southward from the Grand Cru vineyards at the Puligny border.\r\nChardonnay is the only grape variety used for the white wines.\r\n[br]Maison Louis Jadot vinifies the production of growers in this commune with whom they hold purchase agreements based on the quality of the fruit each year.", "price": "69.95", "rating": "1.90", "image": "025.jpg"}}, {"model": "products.product", "pk": 27, "fields": {"category": 2, "sku": "pp0000000026", "name": "Chavy Puligny-Montrachet Les Corvées des Vignes 20", "taste": "JUICY & WELL-BALANCED", "winery": "Chavy", "country": "France", "grape_variety": "Chardonnay", "alcohol": "13,5", "acid": null, "residual_sugar": "half-dry", "description": "Very elegant, fine Chardonnay, definitely to be compared with the 1er Cru locations in the immediate vicinity.", "price": "69.99", "rating": "4.80", "image": "026.jpg"}}, {"model": "products.product", "pk": 28, "fields": {"category": 3, "sku": "pp0000000027", "name": "Miraval Côtes De Provence Rosé 2019", "taste": "DRY JUICY & WELL-BALANCED", "winery": "Miraval", "country": "France", "grape_variety": "Cinsault, Grenache, Syrah, Rol", "alcohol": "13 %", "acid": null, "residual_sugar": "dry", "description": "The terroir is located just North of Brignoles, in the heart of Provence, close to the village of Correns.\r\n\r\nClay & Limestone vineyard, partially in terraces located at an average of 350 meters. Cool climate for the area with big temperature variations between night and day.\r\n\r\nThe grapes are harvested exclusively in the morning and sorted twice. Destemming. \"Pressurage direct\" for Cinsault, Grenache and Rolle. The Syrah is vinified partially using the \"saignee\" method. Vinified in temperature-controlled stainless steel vats (90%) and in barrels (10%) with batonnage.\r\n\r\nBeautiful light pale pink color.\r\nOn the nose, fantastic bouquet with delicate aromas of white fruits, just-picked strawberries and floral notes.\r\nThe mouth is complex with raspberry and wild strawberry notes, wild herbs, citrus, wet-stones flavors. It has a refreshing acidity - thanks to the altitude of the vineyards - and a round, long and vibrant\r\nfinish.", "price": "18.90", "rating": "1.50", "image": "027.jpg"}}, {"model": "products.product", "pk": 29, "fields": {"category": 3, "sku": "pp0000000028", "name": "Mathilde Chapoutier Sélection Grand Ferrage Côtes", "taste": "JUICY & WELL-BALANCED", "winery": "Mathilde Chapoutier Sélection", "country": "France", "grape_variety": null, "alcohol": "13 %", "acid": null, "residual_sugar": "half-dry", "description": "In the magnum bottle: full and delicious on entry to the palate, followed by notes of citrus fruits, grapefruit and white-fleshed fruits, which show a subtle, soft character that is underpinned by a fine acidity and gives structure.", "price": "36.50", "rating": null, "image": "028.jpg"}}, {"model": "products.product", "pk": 30, "fields": {"category": 3, "sku": "pp0000000029", "name": "AIX Coteaux d´Aix en Provence AOP 2020 Methusalem", "taste": "dry", "winery": "AIX", "country": "France", "grape_variety": null, "alcohol": "13 %", "acid": "5,3g/Liter", "residual_sugar": "2,5 g/L", "description": "Ein vielfach ausgezeichneter Rosé, der nach roten Beeren und Orangenschale riecht. Sanft mineralisch und harmonisch.", "price": "150.00", "rating": "2.00", "image": "029.jpg"}}, {"model": "products.product", "pk": 31, "fields": {"category": 3, "sku": "pp0000000030", "name": "Château de Fesles La Chapelle Cabernet d´Anjou Ros", "taste": "Sweet", "winery": "Château de Fesles", "country": "France", "grape_variety": "Cabernet Franc", "alcohol": "12,5", "acid": null, "residual_sugar": "20g/L", "description": "Aromas of red berries with light notes of vegetables. Taste: Fresh, round wine with fat and length.", "price": "7.90", "rating": "3.00", "image": "030.jpg"}}, {"model": "products.product", "pk": 32, "fields": {"category": 3, "sku": "pp0000000031", "name": "Canyon Road White Zinfandel 2018", "taste": "SWEET LIGHT & CRISP", "winery": "Canyon Road", "country": "USA", "grape_variety": "Zinfandel / Primitivo", "alcohol": "8 %", "acid": "6,6 g/L", "residual_sugar": "half-dry", "description": "This wine shows his great mentality by light-bodied hints of strawberry, cherry, and watermelon flavors and a smooth crisp finish.", "price": "5.99", "rating": "2.50", "image": "031.jpg"}}, {"model": "products.product", "pk": 33, "fields": {"category": 3, "sku": "pp0000000032", "name": "Franco Españolas Diamante Rose Semi-Dulce 2019", "taste": "Sweet", "winery": "Franco Españolas", "country": "Spain", "grape_variety": "Rosé Blend", "alcohol": "12%", "acid": null, "residual_sugar": "27,7g/L", "description": "Semi-sweet rosé wine with strawberry flavors. Easily drinkable, with a refreshing acidity and soft sweetness.", "price": "7.75", "rating": "3.20", "image": "032.jpg"}}, {"model": "products.product", "pk": 34, "fields": {"category": 4, "sku": "pp0000000033", "name": "Grant Burge 10 Year Old Tawny", "taste": "Sweet", "winery": "Grant Burge", "country": "Australia", "grape_variety": null, "alcohol": "19%", "acid": "5,5 g/L", "residual_sugar": "170 g/L", "description": "The 10 year old Tawny is a full bodied wine with lots of taste and a brownish colour with some redish tones. On the nose complex fruity notes are shown. The alcohol is well integrated. Sweet and round on the palate whereby the aftertaste is kind of dry. Harmonious and balanced with tannins and ripe, developed fruit.", "price": "27.50", "rating": "2.40", "image": "033.jpg"}}, {"model": "products.product", "pk": 35, "fields": {"category": 4, "sku": "pp0000000034", "name": "Alpha Domus The Pilot Late Harvest Semillon 2015 (", "taste": "Sweet", "winery": "Alpha Domus", "country": "New Zealand", "grape_variety": null, "alcohol": "11,5", "acid": "7,2 g/L", "residual_sugar": "120g/L", "description": "Mango, orange and Turkish delight aromas give this wine an exotic bouquet. Marmalade and grapefruit characters result in an appealing citrus lift.\r\n\r\nRounded and luscious with flavours of marmalade and ripe tropical fruits. Grapefruit and honey characters are supported by fresh citrus flavours. A full flavoured, well balanced wine with a velvety mid palate and clean citrus finish.", "price": "13.95", "rating": "1.90", "image": "034.jpg"}}, {"model": "products.product", "pk": 36, "fields": {"category": 4, "sku": "pp0000000035", "name": "Kellerei Kaltern Quintessenz Passito DOC 2014 (0,3", "taste": "Sweet", "winery": "Kellerei Kaltern", "country": "Italy", "grape_variety": null, "alcohol": "11,5", "acid": "7,5g/Liter", "residual_sugar": "sweet", "description": "A bright golden-yellow dessert wine from South Tyrol, Italy. An ample nose of fruit, nutmeg, mandarin oranges, and exotic candied fruit. Smooth power in the mouth, orange peel and mango, the wine surprises pleasantly with a crisp finish. This wine is ideal as a dessert on its own, or to enjoy with ripe, blue cheeses.", "price": "37.50", "rating": "4.30", "image": "035.jpg"}}, {"model": "products.product", "pk": 37, "fields": {"category": 4, "sku": "pp0000000036", "name": "De Trafford Straw Wine (0,375L)", "taste": "Sweet", "winery": "De Trafford", "country": "South Africa", "grape_variety": null, "alcohol": "12", "acid": "6 g/L", "residual_sugar": "218 g/Liter", "description": "Attractive deep yellow gold colour. Great intensity and sweetness. Dried apricot, nuts, honey and burnt treacle. The palate is intensely sweet yet not cloying, fresh and lively yet richly oxidative with a long clean and complex finish. This vintage is best as a sweet treat on its own after a fine meal (or upgrade an ordinary meal!). A rewarding challenge to match with desserts!\r\n\r\nThe grapes were picked at optimum ripeness and laid out on drying racks in 70% shade for 3 weeks. This allows the grapes to concentrate sugars, acids and flavours, before reharvesting in the cool mornings. Fermented with natural yeasts and matured for 22 months using mostly new 225L French oak barrels. Racked while in barrel to remove heavy sediment and lightly bentonite fined.", "price": "29.95", "rating": "1.90", "image": "036.jpg"}}, {"model": "products.product", "pk": 38, "fields": {"category": 4, "sku": "pp0000000037", "name": "Champagne Gremillet Ratafia de Champagne", "taste": "Sweet", "winery": "Gremillet", "country": "France", "grape_variety": null, "alcohol": "18 %", "acid": null, "residual_sugar": "sweet", "description": "Golden topaz. Bright, luminous and limpid.\r\n\r\nIt reveals rich, voluptous aromas of dried fruit taking one on a journey to Corinth, Smyrna, Damascus and Malaga. The impression of alcohol is reminiscent of Cognac and Armagnac, with a hint of wood, vanilla and tobacco.\r\n\r\nOne should judge the taste for one`s self. It almost seems as if the golden liquid caresses one`s throat.", "price": "47.50", "rating": "4.90", "image": "037.jpg"}}, {"model": "products.product", "pk": 39, "fields": {"category": 4, "sku": "pp0000000038", "name": "Thanisch Lieserer Niederberg Helden Riesling Spätl", "taste": "Sweet", "winery": "Thanisch", "country": "Germany", "grape_variety": null, "alcohol": "7,5%", "acid": "8,0 g/Liter", "residual_sugar": "80g/L", "description": "With a distinctive interplay of aromas of apricot, nectarine and peach, this drop impresses even in the glass. Ingenious elegance paired with ripe acidity - a late harvest with lively freshness and refined delicacy. Delicious!", "price": "11.95", "rating": "3.40", "image": "038.jpg"}}, {"model": "products.product", "pk": 40, "fields": {"category": 4, "sku": "pp0000000039", "name": "Château d`Yquem 1er Grand Cru Classé Sauternes 200", "taste": "Sweet", "winery": "Château d'Yquem", "country": "France", "grape_variety": null, "alcohol": "14%", "acid": "4,2g/Liter", "residual_sugar": "120g/L", "description": "Beautiful golden-yellow colour. The bouquet displays great aromatic purity with very intense tropical fruit notes like passion fruit, pineapple, grapefruit and apricot. Barrel ageing makes it even more delicious. In addition, the flavours are in total harmony with the bouquet. This classically, elegant wine displays a perfect equilibrium between sweetness, acidity and alcohol on the palate, with an extremely attractive overall balance.", "price": "495.00", "rating": "1.90", "image": "039.jpg"}}, {"model": "products.product", "pk": 41, "fields": {"category": 5, "sku": "pp0000000040", "name": "Messias Vinho Do Porto Ruby", "taste": "SWEET BOLD & OPULENT", "winery": "Messias", "country": "Portugal", "grape_variety": null, "alcohol": "19%", "acid": "3,5 g/L", "residual_sugar": "25,5g/L", "description": "This is a wine that is important to preserve the evolution of its red colour, more or less intense, and also to preserve its fruity character and strength inherent to young wines.", "price": "10.90", "rating": "2.00", "image": "040.jpg"}}, {"model": "products.product", "pk": 42, "fields": {"category": 5, "sku": "pp0000000041", "name": "Krohn White Port", "taste": "SWEET BOLD & OPULENT", "winery": "Krohn", "country": "Portugal", "grape_variety": null, "alcohol": "19%", "acid": null, "residual_sugar": "99g/L", "description": "Strohgelber, weicher und komplexer Portwein, der mit tropischen Fruchtnoten, Zitrus und Blumen die Nase verführt und sich am Gaumen als wunderbar seidig, fruchtintensiv und mit einem schön süßen Finish präsentiert.", "price": "12.50", "rating": "1.40", "image": "041.jpg"}}, {"model": "products.product", "pk": 43, "fields": {"category": 5, "sku": "pp0000000042", "name": "Croft Pink Port Rosé", "taste": "BOLD & OPULENT", "winery": "Croft", "country": "Portugal", "grape_variety": null, "alcohol": "20%", "acid": null, "residual_sugar": "sweet", "description": "Croft Pink is the first ever port with a beautiful light ruby colour, achieved from light contact with the skins of traditional port grapes - lighter in style with a unique crisp and fruity flavour. Serve chilled or over ice in a wine glass for maximum enjoyment.\r\n\r\nAttractive floral notes underline the pungent, aromatic raspberry fruit aromas. The palate is full of deliciously ripe cherry and raspberry fruit flavours with lovely nuances of honey and grapefruit.\r\n\r\nThis innovative new Rosé style of Port has been made by a new technique which extracts fresh, fruity flavours and a subtle and delicate pink colour from limited contact with the skins of classic Port grape varieties, grown in top quality vineyards of the Douro Valley. The result is wonderfully fresh and vibrant, full of the rich fruit flavours of Port but with a unique and distinctive appeal. It has created the perfect opportunity for Port to be consumed in the warmer months of the year when Port may not otherwise be the drink of choice.", "price": "15.90", "rating": "3.20", "image": "042.jpg"}}, {"model": "products.product", "pk": 44, "fields": {"category": 5, "sku": "pp0000000043", "name": "Niepoort Dry White", "taste": "SWEET BOLD & OPULENT", "winery": "Niepoort", "country": "Portugal", "grape_variety": null, "alcohol": "20%", "acid": "3,8 g/Liter", "residual_sugar": "44g/L", "description": "A rare style of dry white port, made with lengthy skin maceration and wood ageing. Best served chilled as an aperitif or as a long drink with tonic water, ice and a twist of lemon. \"Dirk also makes the best dry white port going, with atypical elegance and freshness\"\r\n\r\nTasting Notes: Golden / brown in colour with a delightful aroma of nuts and almonds which comes through on the palate with a fresh concentrated spirity finish, from extended ageing in small old oak barrels.\r\n\r\nVinification: The white grapes undergo long skin maceration, occasionally with foot treading in lagares, with fermentation carrying on to near dryness, before the addition of pure grape brandy. Ageing is carried in small old oak casks in our cellars in gaia for at least 3.5 Years before bottling.", "price": "13.50", "rating": "4.20", "image": "043.jpg"}}, {"model": "products.product", "pk": 45, "fields": {"category": 5, "sku": "pp0000000044", "name": "Ferreira Port Dona Antónia Reserva White in gift p", "taste": "SWEET BOLD & OPULENT", "winery": "Porto Ferreira", "country": "Portugal", "grape_variety": null, "alcohol": "20%", "acid": "4 g/L", "residual_sugar": "100g/L", "description": "Der Ferreira Dona Antónia Reserva ist ein Portwein in goldenem Gelb.\r\n\r\nEs hat ein intensives Aroma, mit Noten von bitterer Marmelade, einer blumigen Qualität. Auch exotische Holznuancen, getrockneten Früchte und Nüsse sind präsent.", "price": "17.50", "rating": "1.40", "image": "044.jpg"}}, {"model": "products.product", "pk": 46, "fields": {"category": 5, "sku": "pp0000000045", "name": "Fonseca White Port", "taste": "BOLD & OPULENT", "winery": "Fonseca", "country": "Portugal", "grape_variety": null, "alcohol": "20 %", "acid": null, "residual_sugar": "half-dry", "description": "Rich, fragrant nose with aromas of mellow fruit and hints of honey and oak. Full body, velvety palate and long flavour some finish.", "price": "14.95", "rating": "0.38", "image": "045.jpg"}}, {"model": "products.product", "pk": 47, "fields": {"category": 5, "sku": "pp0000000046", "name": "Taylor`s Port Tawny 30 Years Old NV", "taste": "BOLD & OPULENT", "winery": "Taylor's Port", "country": "Portugal", "grape_variety": null, "alcohol": "20%", "acid": null, "residual_sugar": "half-dry", "description": "Only every two or three years is a reserve of port with sufficient structure, fruit and power to age, produced from Taylor`s own vineyards, laid aside to age in oak casks. Those that have reached their peak after thirty years are then blended together for balance and finesse, and to ensure consistency of quality and style. The 30 year old tawny shows incredible length with smooth butterscotch and caramel flavours.", "price": "199.00", "rating": "1.90", "image": "046.jpg"}}, {"model": "products.product", "pk": 48, "fields": {"category": 6, "sku": "pp0000000047", "name": "Gonzalez Byass Solera 1847 Oloroso Cream NV", "taste": "BOLD & OPULENT", "winery": "González Byass", "country": "Spain", "grape_variety": null, "alcohol": "18 %", "acid": null, "residual_sugar": "half-dry", "description": "Elegant, smooth mahogany-coloured Cream. It has an intense, clear, velvet aroma, with a fullbodied palate.\r\n\r\n\r\n\r\nThe seed that grew into Gonzalez Byass was planted in 1835 by Manuel María Gonzalez Angel, with Robert Blake Byass -his agent in England - only joining the firm two decades later. The two families remained in partnership through much of the 20th Century and the business has grown to be one of Sherry`s most recognisable and important names. In 1988 the Gonzalez family bought out the Blass family, taking sole control of the business.\r\n\r\nThe business is based in some fine buildings in Jerez, including one designed by Eiffel. This is a must-see for any Sherry tourist, as is popping inside to see El Cristo, which was purchased for the visit of Queen Isabella II in 1862. This gigantic butt is accompanied by twelve 6000 litre butts, representing the twelve apostles, which surround El Cristo, except for Judas, which is used to store vinegar! Today, the company`s cellars hold over 45 million litres of Sherry and Brandy de Jerez.", "price": "18.00", "rating": "3.60", "image": "047.jpg"}}, {"model": "products.product", "pk": 49, "fields": {"category": 6, "sku": "pp0000000048", "name": "Emilio Lustau Pedro Ximenez Murillo Centenary Sele", "taste": "BOLD & OPULENT", "winery": "Emilio Lustau", "country": "Spain", "grape_variety": null, "alcohol": "18 %", "acid": null, "residual_sugar": "half-dry", "description": "Deep, dark brown and viscous. Redolent of ripe fruit with the distinct varietal aroma of the Pedro Ximénez. Rich, sweet, velvety and soft in the mouth, well balanced, with a long finish showing the wine`s great age. Awarded a Silver Medal at the IWC 2006.", "price": "33.95", "rating": "4.00", "image": "048.jpg"}}, {"model": "products.product", "pk": 50, "fields": {"category": 6, "sku": "pp0000000049", "name": "Valdespino Moscatel Promesa DO", "taste": "SWEET BOLD & OPULENT", "winery": "Valdespino", "country": "Spain", "grape_variety": null, "alcohol": "17%", "acid": "4,5 g/L", "residual_sugar": "235g/L", "description": "Die von Natur aus zuckerreiche Rebsorte Muskateller wird durch die Herstellungsmethoden des Sherrys aufkonzentriert. Rosenblätter, Mandel, Marzipan und Honig ziehen sich durch diesen wunderbaren Süßwein.", "price": "24.50", "rating": "3.20", "image": "049.jpg"}}, {"model": "products.product", "pk": 51, "fields": {"category": 6, "sku": "pp0000000050", "name": "Valdespino Manzanilla `Deliciosa` NV", "taste": "BOLD & OPULENT", "winery": "Valdespino", "country": "Spain", "grape_variety": null, "alcohol": "15 %", "acid": null, "residual_sugar": "half-dry", "description": "Valdespino Manzanilla `Deliciosa`: A good depth of colour for a Manzanilla. Nice nose, fresh and herby. Good rounded palate, with weight and an appealing rounded fleshiness, balanced by a fresh crisp acidity. Good flavour and some length. Good example of the style.\r\n[br]Valdespino stakes a claim as the oldest Sherry bodega, and it is hard to argue with six centuries of Sherry production as evidence. The family have been involved in making Sherry for around 700 years; exactly when they started up is not clear, the information lost in the mists of time. But in the late 13th Century, a Spanish knight, Alonso Valdespino, was granted 30 ha of vineyards by his king. From this small beginning the family established a reputation as an excellent source of the wine. The business which operates today, however, was founded as recently as 1875.\r\n\r\nThe family business is located in Jerez, in some of the city`s oldest and most attractive buildings. Unsurprisingly practices here are traditional, most notable is the fermentation, which takes place in cask for the vast majority of the harvest. In addition the business encompasses the bodega Manuel de Argüeso in Sanlúcar de Barrameda which is the source of the firm`s Manzanilla.\r\n\r\nThe range starts with the Manzanilla Deliciosa and Fino Inocente, the latter being quite full in style, veering more towards a fino-amontillado in terms of weight. There are two Amontillados, the Tío Diego which I find too full-on and structured for my liking, and the Coliseo. This latter wine is one of the stand-outs of the Valdespino range; frequently described as magnificent it has a powerful nose and flavour, reflecting the wine`s age. Some find it too much. There are dry and sweet palo cortados El Cardenal and Carrascal, a dry and sweet olorosos Don Gonzalo and Isabella, and the sweet Solera 1842, PX Candada and PX Viejo Reserva Superior.", "price": "17.50", "rating": "4.30", "image": "050.jpg"}}, {"model": "products.product", "pk": 52, "fields": {"category": 6, "sku": "pp0000000051", "name": "Gonzalez Byass Croft Original Sherry NV", "taste": "BOLD & OPULENT", "winery": "González Byass", "country": "Spain", "grape_variety": null, "alcohol": "17%", "acid": null, "residual_sugar": "half-dry", "description": "Pale Cream is a subtle blend of the paleness and dry taste of a quality fino, with the intensity and full bodied palate of Cream.\r\nWith a delicate, pale colour, it is smooth and irresistible to the palate. This wine is best served chilled as aperitif or with pâtés, salmon or salads. It is also a wonderfully delicious alternative to dessert wines.", "price": "14.90", "rating": "1.80", "image": "051.jpg"}}, {"model": "products.product", "pk": 53, "fields": {"category": 6, "sku": "pp0000000052", "name": "Valdespino Fino 'Inocente' NV", "taste": "BOLD & OPULENT", "winery": "Valdespino", "country": "Spain", "grape_variety": null, "alcohol": "15 %", "acid": null, "residual_sugar": "half-dry", "description": "Valdespino Fino 'Inocente': A typically pale hue. Full and aromatic, with aromatic herbs and rock salt notes on the nose. Very nicely balanced palate, with a seamless integration of flavour, weight and grip. Nice herby-woody character, with a firm, clean finish. Lovely aperitif.", "price": "21.50", "rating": "2.90", "image": "052.jpg"}}, {"model": "products.product", "pk": 54, "fields": {"category": 6, "sku": "pp0000000053", "name": "Emilio Lustau East India Solera Sherry NV (0,5L)", "taste": "BOLD & OPULENT", "winery": "Emilio Lustau", "country": "Spain", "grape_variety": null, "alcohol": "18 %", "acid": null, "residual_sugar": "half-dry", "description": "In centuries gone by, casks of sherry were lashed to ships sailing for the Indies as ballast, and were found to develop an extraordinary smoothness and complexity. Lustau has revived this style of sherry in the East India wine. Unforgettable flavours of raisins, candied peel and nuts. Robert Parker`s comment: \"Nutty, sweet, crème brûlée smell\".\r\n\r\n\r\nThe people and history of Emilio Lustau SA provides the key to its current reputation for innovation today in sherry and even packaging. Recent developments in the marketing of Lustau sherries has been the creation of a sales and export consortium which joins together with Lustau two other great Spanish wine producers, La Rioja Alta from the Rioja region and Vega Sicilia from Ribera del Duero. These three producers operate in partnership with Europvin, the fine wine specialist based in Bordeaux. The consortium also has offices in the USA and Japan.\r\n-1896 What is now Emilio Lustau SA was founded by Don José Ruiz-Berdejo y Veyan, an original Almacenista at Nuestra Señora de la Esperanza.\r\n-1940 Don Emilio Lustau Ortega, his son-in-law, moves the bodegas to the ancient Santiago district.\r\n-1950 The firm becomes Emilio Lustau SA, its size now enabling it to join the prestigious ranks of the select group of exporters of Sherry.\r\n-1970 Company expands. New cellars constructed at the old family estate of Nuestra Señora de la Esperanza.\r\n-1980s Emilio Lustau SA under new management of the late Rafael Balao. Becomes one of the most creative companies in Jerez.\r\n1990 Luis Caballero SA takes a major shareholding in Lustau enabling development and expansion. Brings into Lustau 170 hectares of fine Albariza vineyard land at Montegilillo in the Jerez Superior region to the north of Jerez.\r\n-2001 Purchase of traditional Bodega complex in Calle Arcos.Total refurbishment and Lustau now operates in Jerez from one central site.", "price": "16.50", "rating": "2.63", "image": "053.jpg"}}, {"model": "checkout.order", "pk": 2, "fields": {"order_number": "1E2991B5D5CA4884AE653DBE798CBDFB", "user_profile": null, "full_name": "Adrian Laub", "email": "AdrianLaub@aol.com", "phone_number": "017640374344", "country": "Deutschland", "postcode": "13187", "town_or_city": "Berlin", "street_address1": "Mendelstraße 5", "street_address2": null, "county": "Deutschland", "date": "2021-01-27T14:08:09.748Z", "delivery_cost": "0.00", "order_total": "190.80", "grand_total": "190.80", "original_bag": "", "stripe_pid": ""}}, {"model": "checkout.order", "pk": 3, "fields": {"order_number": "6D625983CE7C49C99F8DB4513D88364E", "user_profile": null, "full_name": "Adrian Laub", "email": "AdrianLaub@aol.com", "phone_number": "017640374344", "country": "Deutschland", "postcode": "13187", "town_or_city": "Berlin", "street_address1": "Mendelstraße 5", "street_address2": null, "county": "Deutschland", "date": "2021-01-27T14:20:44.895Z", "delivery_cost": "0.00", "order_total": "79.00", "grand_total": "79.00", "original_bag": "", "stripe_pid": ""}}, {"model": "checkout.order", "pk": 4, "fields": {"order_number": "016C5B19ABAC4A92B734B847C506AC01", "user_profile": null, "full_name": "Adrian Laub", "email": "AdrianLaub@aol.com", "phone_number": "017640374344", "country": "Deutschland", "postcode": "13187", "town_or_city": "Berlin", "street_address1": "Mendelstraße", "street_address2": "5", "county": "Deutschland", "date": "2021-01-27T14:36:13.948Z", "delivery_cost": "0.00", "order_total": "72.80", "grand_total": "72.80", "original_bag": "", "stripe_pid": ""}}, {"model": "checkout.order", "pk": 5, "fields": {"order_number": "B11617BC4BD24F89BC7550DB3D7508F0", "user_profile": null, "full_name": "Adrian Laub", "email": "AdrianLaub@aol.com", "phone_number": "017640374344", "country": "DE", "postcode": "13187", "town_or_city": "Berlin", "street_address1": "Mendelstraße 5", "street_address2": null, "county": null, "date": "2021-01-27T16:39:08.357Z", "delivery_cost": "0.00", "order_total": "74.10", "grand_total": "74.10", "original_bag": "", "stripe_pid": ""}}, {"model": "checkout.order", "pk": 6, "fields": {"order_number": "BBC096F14D044156AD71C76FBC9F6DAB", "user_profile": null, "full_name": "Adrian Laub", "email": "AdrianLaub@aol.com", "phone_number": "017640374344", "country": "DE", "postcode": "13187", "town_or_city": "Berlin", "street_address1": "Mendelstraße 5", "street_address2": null, "county": null, "date": "2021-01-27T18:07:05.507Z", "delivery_cost": "0.00", "order_total": "1500.00", "grand_total": "1500.00", "original_bag": "{\"8\": 1}", "stripe_pid": "pi_1IEIPNAiJ32aQkWKH74XoAWi"}}, {"model": "checkout.order", "pk": 7, "fields": {"order_number": "E9678F99696646C69695298C80C225FA", "user_profile": null, "full_name": "Adrian Laub", "email": "AdrianLaub@aol.com", "phone_number": "017640374344", "country": "DE", "postcode": "13187", "town_or_city": "Berlin", "street_address1": "Mendelstraße", "street_address2": null, "county": null, "date": "2021-01-27T18:14:02.468Z", "delivery_cost": "2.37", "order_total": "23.70", "grand_total": "26.07", "original_bag": "{\"4\": 1}", "stripe_pid": "pi_1IEIWPAiJ32aQkWKoDpZ41BV"}}, {"model": "checkout.order", "pk": 8, "fields": {"order_number": "20357132DB5C4529B7B8E5405BA335BE", "user_profile": 8, "full_name": "Adrian Laub", "email": "AdrianLaub@aol.com", "phone_number": "017640374344", "country": "DE", "postcode": "13187", "town_or_city": "Berlin", "street_address1": "Mendelstraße5", "street_address2": null, "county": "DE", "date": "2021-01-29T15:53:01.993Z", "delivery_cost": "0.00", "order_total": "1500.00", "grand_total": "1500.00", "original_bag": "{\"8\": 1}", "stripe_pid": "pi_1IEzGlAiJ32aQkWK9Jea4HKc"}}, {"model": "checkout.order", "pk": 9, "fields": {"order_number": "5B24B40F5CCC408493EF808F84F66F9C", "user_profile": null, "full_name": "Adrian Laub", "email": "adrianlaub@aol.com", "phone_number": "+4917640374344", "country": "DE", "postcode": "10405", "town_or_city": "Berlin", "street_address1": "Straßburger Str. 42", "street_address2": null, "county": "Deutschland", "date": "2021-01-29T17:54:49.028Z", "delivery_cost": "5.20", "order_total": "52.00", "grand_total": "57.20", "original_bag": "{\"2\": 10}", "stripe_pid": "pi_1IF1AjAiJ32aQkWKIiOsNk47"}}, {"model": "checkout.order", "pk": 10, "fields": {"order_number": "6C92C79EFE864A3B90894291F93B235D", "user_profile": null, "full_name": "Adrian Laub", "email": "AdrianLaub@aol.com", "phone_number": "017640374344", "country": "DE", "postcode": "13187", "town_or_city": "Berlin", "street_address1": "Mendelstraße 5", "street_address2": null, "county": "DE", "date": "2021-01-29T17:57:05.228Z", "delivery_cost": "1.29", "order_total": "12.90", "grand_total": "14.19", "original_bag": "{\"5\": 1}", "stripe_pid": "pi_1IF0GtAiJ32aQkWKg7CZQqUd"}}, {"model": "checkout.order", "pk": 11, "fields": {"order_number": "2F6EC2549DBE4291992623F351E1D839", "user_profile": 1, "full_name": "Adrian Laub", "email": "AdrianLaub@aol.com", "phone_number": "017640374344", "country": "DE", "postcode": "13187", "town_or_city": "Berlin", "street_address1": "Mendelstraße 5", "street_address2": null, "county": "DE", "date": "2021-01-29T18:46:28.764Z", "delivery_cost": "0.00", "order_total": "72.80", "grand_total": "72.80", "original_bag": "{\"2\": 14}", "stripe_pid": "pi_1IF1yJAiJ32aQkWKR1vZSfNY"}}, {"model": "checkout.order", "pk": 12, "fields": {"order_number": "713E772C14454391867B5A425E35AD23", "user_profile": 1, "full_name": "Adrian Laub", "email": "AdrianLaub@aol.com", "phone_number": "017640374344", "country": "DE", "postcode": "13187", "town_or_city": "Berlin", "street_address1": "Mendelstraße", "street_address2": "5", "county": "DE", "date": "2021-01-29T18:50:25.569Z", "delivery_cost": "0.00", "order_total": "1500.00", "grand_total": "1500.00", "original_bag": "{\"8\": 1}", "stripe_pid": "pi_1IF22cAiJ32aQkWKiiTfUW3W"}}, {"model": "checkout.orderlineitem", "pk": 4, "fields": {"order": 2, "product": 5, "quantity": 2, "lineitem_total": "25.80"}}, {"model": "checkout.orderlineitem", "pk": 5, "fields": {"order": 2, "product": 10, "quantity": 3, "lineitem_total": "165.00"}}, {"model": "checkout.orderlineitem", "pk": 6, "fields": {"order": 3, "product": 1, "quantity": 10, "lineitem_total": "79.00"}}, {"model": "checkout.orderlineitem", "pk": 7, "fields": {"order": 4, "product": 2, "quantity": 14, "lineitem_total": "72.80"}}, {"model": "checkout.orderlineitem", "pk": 8, "fields": {"order": 5, "product": 3, "quantity": 13, "lineitem_total": "74.10"}}, {"model": "checkout.orderlineitem", "pk": 9, "fields": {"order": 6, "product": 8, "quantity": 1, "lineitem_total": "1500.00"}}, {"model": "checkout.orderlineitem", "pk": 10, "fields": {"order": 7, "product": 4, "quantity": 1, "lineitem_total": "23.70"}}, {"model": "checkout.orderlineitem", "pk": 11, "fields": {"order": 8, "product": 8, "quantity": 1, "lineitem_total": "1500.00"}}, {"model": "checkout.orderlineitem", "pk": 12, "fields": {"order": 9, "product": 2, "quantity": 10, "lineitem_total": "52.00"}}, {"model": "checkout.orderlineitem", "pk": 13, "fields": {"order": 10, "product": 5, "quantity": 1, "lineitem_total": "12.90"}}, {"model": "checkout.orderlineitem", "pk": 14, "fields": {"order": 11, "product": 2, "quantity": 14, "lineitem_total": "72.80"}}, {"model": "checkout.orderlineitem", "pk": 15, "fields": {"order": 12, "product": 8, "quantity": 1, "lineitem_total": "1500.00"}}, {"model": "profiles.userprofile", "pk": 1, "fields": {"user": 1, "full_name": null, "default_phone_number": "017640374344", "default_street_address1": "Mendelstraße 5", "default_street_address2": null, "default_town_or_city": "Berlin", "default_county": "DE", "default_postcode": "13187", "default_country": "DE"}}, {"model": "profiles.userprofile", "pk": 8, "fields": {"user": 8, "full_name": "Adrian Dümbel", "default_phone_number": "017640374344", "default_street_address1": "Mendelstraße5", "default_street_address2": null, "default_town_or_city": "Berlin", "default_county": "DE", "default_postcode": "13187", "default_country": "DE"}}, {"model": "blog.post", "pk": 1, "fields": {"title": "The Basics", "slug": "basics", "author": 1, "updated_on": "2021-02-01T10:41:02.784Z", "content": "<h2>What is Wine?</h2>\r\n<h3>Definition:</h3>\r\nWine is an alcoholic beverage made from the fermented juice of grapes (or other fruits and berries).\r\n<br>\r\n<br>\r\n<h3>How is wine made?:</h3>\r\nMuch like anything else, making wine can be a very simple process, with complex steps added along the way.\r\nIn this section, we layout the most basic steps in order to give you a good general idea of how wine is made.\r\n<br>\r\n<br>\r\n<h4>Step one:</h4>\r\n<h5>Grapes</h5>\r\nThe grapes are grown in the vineyard by a vigneron (grape farmer). Sometimes the vigneron is also the winemaker, but this is not always the case.\r\n<br>\r\n<br>\r\n<h4>Step Two:</h4>\r\n<h5>Harvest</h5>\r\nOnce the grapes reach the proper ripeness, they are picked (harvested) and brought to the winery.\r\n<br>\r\n<br>\r\n<h4>Step Three:</h4>\r\n<h5>Crush</h5>\r\nThe winery gently crushes the grapes and removes them from their stems. Then the crushed grapes are pressed in order to squeeze out the juice.\r\n*For red wine, the grapes are crushed and fermented before pressing off the juice. Read more about it on our Wine Styles section.\r\n<br>\r\n<br>\r\n<h4>Step Four:</h4>\r\n<h5>Fermentation</h5>\r\nAt this point, yeast is introduced to the juice to begin the process of fermentation. Learn more about fermentation below.\r\n<br>\r\n<br>\r\n<h4>Step Five:</h4>\r\n<h5>Aging</h5>\r\nOnce the wine is finished fermenting, it is racked (pumping the wine off the dead yeast cells) into barrels or stainless steel tanks to allow the wine to age.\r\n<br>\r\n<br>\r\n<h2>What is Fermentation?</h2>\r\n<h3>Definition:</h3>\r\nFermentation is the process of converting sugar to ETHANOL (ethyl alcohol) and CO2 by way of yeast.\r\nWhen the yeast is introduced to the sugary juice, it eats through the sugar and converts it into alcohol and carbon dioxide.\r\nThe CO2 gasses off into the air, leaving behind the alcohol (which, in the case of grape juice, is the wine!).\r\n<br>\r\n<br>\r\nRead the original article <strong><a href=\"https://www.wineandsommelier.com/all-about-wine/what-is-wine/\" target=\"_blank\">here</a>.</strong>", "created_on": "2021-01-31T13:16:49.730Z", "status": 1, "image_url": null, "image": "grapes.jpg"}}, {"model": "blog.post", "pk": 2, "fields": {"title": "Homemade Pumpkin Wine Recipe", "slug": "pumpkin_wine_recipe", "author": 1, "updated_on": "2021-02-01T10:40:09.717Z", "content": "<strong>As the evenings grow longer, leaves redder, and the air chillier, pumpkins become an increasingly common ingredient in homecooked meals. But how about using this fruit (yes – technically, pumpkins are not vegetables!) for winemaking?</strong>\r\n<br>\r\n<br>\r\nWe tend to think of pumpkins as treats that taste best with spices – particularly cinnamon and ginger, like in a pumpkin spice latte. Our pumpkin spice wine recipe makes great use of these seasonings, producing a distinctive taste, guaranteed to make you reminisce about all things fall.\r\n<br>\r\n<br>\r\nWith our easy pumpkin wine recipe, even wine-making novices will be enjoying this spicy, homemade drink with very little effort.\r\nView the recipe <strong><a href=\"https://wineturtle.com/homemade-pumpkin-wine-recipe/\" target=\"_blank\">here</a>.</strong>", "created_on": "2021-01-31T13:18:56.299Z", "status": 1, "image_url": null, "image": "pumpkin_wine.jpg"}}, {"model": "blog.post", "pk": 4, "fields": {"title": "How To Choose The Best Dessert Wines Like A Sommelier", "slug": "how-choose-best-dessert-wines-sommelier", "author": 1, "updated_on": "2021-02-01T10:56:28.597Z", "content": "Whether you’re celebrating an anniversary, a holiday or simply having a lovely dinner with your significant other, you can’t miss pairing the best dessert wines with your sweet treats. But how to choose the right ones?\r\n<br>\r\n<br>\r\nMore often than not, we put so much care into finding the right pairing between the various dishes of our meals and the wine. But when it comes to the final course, the dessert, most of us are guilty of devoting less effort and limit ourselves to choosing a “dry sparkling wine”.\r\n<br>\r\n<br>\r\nWhat an awful choice, I must say. And to be honest, I used to hate pairing my desserts with wine, because either the cake or the beverage didn’t do justice to the other. Sticking to coffee seemed a better solution until I had a talk with a sommelier, who revealed all the secrets to choosing the best dessert wine for the final course.\r\n<br>\r\n<br>\r\nRead the whole article <strong><a href=\"https://wineturtle.com/best-dessert-wines/\" target=\"_blank\">here</a>.</strong>", "created_on": "2021-02-01T10:53:25.985Z", "status": 1, "image_url": null, "image": "dessert-wine.jpg"}}, {"model": "blog.comment", "pk": 1, "fields": {"post": 1, "name": "Adrian Laub", "email": "adrian.test@aol.com", "body": "I love this blog so much!!!", "created_on": "2021-01-31T17:54:54.091Z", "active": true}}]